[debug] [2026-09-07T06:17:30.537Z] ----------------------------------------------------------------------
[debug] [2026-09-07T06:17:30.539Z] Command:       C:\Program Files\nodejs\node.exe C:\Users\phong\AppData\Roaming\npm\node_modules\firebase-tools\lib\bin\firebase.js deploy --only hosting
[debug] [2026-09-07T06:17:30.539Z] CLI Version:   15.25.1
[debug] [2026-09-07T06:17:30.540Z] Platform:      win32
[debug] [2026-09-07T06:17:30.540Z] Node Version:  v22.20.0
[debug] [2026-09-07T06:17:30.541Z] Detected Agent: codex_cli
[debug] [2026-09-07T06:17:30.541Z] Time:          Mon Sep 07 2026 13:17:30 GMT+0700 (เวลาอินโดจีน)
[debug] [2026-09-07T06:17:30.541Z] ----------------------------------------------------------------------
[debug] 
[debug] [2026-09-07T06:17:31.687Z] > command requires scopes: ["email","openid","https://www.googleapis.com/auth/cloudplatformprojects.readonly","https://www.googleapis.com/auth/firebase","https://www.googleapis.com/auth/cloud-platform"]
[debug] [2026-09-07T06:17:31.687Z] > authorizing via signed-in user (phongdanai5555@gmail.com)
[debug] [2026-09-07T06:17:31.687Z] [iam] checking project match-bb30c for permissions ["firebase.projects.get","firebasehosting.sites.update"]
[debug] [2026-09-07T06:17:31.696Z] Checked if tokens are valid: false, expires at: 1788765416678
[debug] [2026-09-07T06:17:31.696Z] Checked if tokens are valid: false, expires at: 1788765416678
[debug] [2026-09-07T06:17:31.696Z] > refreshing access token with scopes: []
[debug] [2026-09-07T06:17:31.699Z] >>> [apiv2][query] POST https://www.googleapis.com/oauth2/v3/token [none]
[debug] [2026-09-07T06:17:31.699Z] >>> [apiv2][body] POST https://www.googleapis.com/oauth2/v3/token [omitted]
[debug] [2026-09-07T06:17:31.890Z] <<< [apiv2][status] POST https://www.googleapis.com/oauth2/v3/token 200
[debug] [2026-09-07T06:17:31.890Z] <<< [apiv2][body] POST https://www.googleapis.com/oauth2/v3/token [omitted]
[debug] [2026-09-07T06:17:31.903Z] >>> [apiv2][query] POST https://cloudresourcemanager.googleapis.com/v1/projects/match-bb30c:testIamPermissions [none]
[debug] [2026-09-07T06:17:31.903Z] >>> [apiv2][(partial)header] POST https://cloudresourcemanager.googleapis.com/v1/projects/match-bb30c:testIamPermissions  x-goog-user-project=match-bb30c
[debug] [2026-09-07T06:17:31.903Z] >>> [apiv2][body] POST https://cloudresourcemanager.googleapis.com/v1/projects/match-bb30c:testIamPermissions {"permissions":["firebase.projects.get","firebasehosting.sites.update"]}
[debug] [2026-09-07T06:17:33.127Z] <<< [apiv2][status] POST https://cloudresourcemanager.googleapis.com/v1/projects/match-bb30c:testIamPermissions 200
[debug] [2026-09-07T06:17:33.128Z] <<< [apiv2][body] POST https://cloudresourcemanager.googleapis.com/v1/projects/match-bb30c:testIamPermissions {"permissions":["firebase.projects.get","firebasehosting.sites.update"]}
[debug] [2026-09-07T06:17:33.128Z] Checked if tokens are valid: true, expires at: 1788765450890
[debug] [2026-09-07T06:17:33.128Z] Checked if tokens are valid: true, expires at: 1788765450890
[debug] [2026-09-07T06:17:33.129Z] >>> [apiv2][query] GET https://firebase.googleapis.com/v1beta1/projects/match-bb30c [none]
[debug] [2026-09-07T06:17:33.829Z] <<< [apiv2][status] GET https://firebase.googleapis.com/v1beta1/projects/match-bb30c 200
[debug] [2026-09-07T06:17:33.829Z] <<< [apiv2][body] GET https://firebase.googleapis.com/v1beta1/projects/match-bb30c {"projectId":"match-bb30c","projectNumber":"781816318930","displayName":"match","name":"projects/match-bb30c","resources":{"hostingSite":"match-bb30c"},"state":"ACTIVE","labels":{"firebase":"enabled"},"etag":"1_e42c5cea-6269-4aaa-8b7a-1052cd41180e"}
[info] 
[info] === Deploying to 'match-bb30c'...
[info] 
[info] i  deploying hosting 
[debug] [2026-09-07T06:17:33.832Z] Checked if tokens are valid: true, expires at: 1788765450890
[debug] [2026-09-07T06:17:33.832Z] Checked if tokens are valid: true, expires at: 1788765450890
[debug] [2026-09-07T06:17:33.832Z] >>> [apiv2][query] GET https://firebasehosting.googleapis.com/v1beta1/projects/match-bb30c/sites/match-bb30c [none]
[debug] [2026-09-07T06:17:34.909Z] <<< [apiv2][status] GET https://firebasehosting.googleapis.com/v1beta1/projects/match-bb30c/sites/match-bb30c 200
[debug] [2026-09-07T06:17:34.910Z] <<< [apiv2][body] GET https://firebasehosting.googleapis.com/v1beta1/projects/match-bb30c/sites/match-bb30c {"name":"projects/match-bb30c/sites/match-bb30c","defaultUrl":"https://match-bb30c.web.app","type":"DEFAULT_SITE"}
[debug] [2026-09-07T06:17:34.911Z] Checked if tokens are valid: true, expires at: 1788765450890
[debug] [2026-09-07T06:17:34.911Z] Checked if tokens are valid: true, expires at: 1788765450890
[debug] [2026-09-07T06:17:34.911Z] >>> [apiv2][query] POST https://firebasehosting.googleapis.com/v1beta1/projects/-/sites/match-bb30c/versions [none]
[debug] [2026-09-07T06:17:34.912Z] >>> [apiv2][body] POST https://firebasehosting.googleapis.com/v1beta1/projects/-/sites/match-bb30c/versions {"status":"CREATED","labels":{"deployment-tool":"cli-firebase"}}
[debug] [2026-09-07T06:17:36.003Z] <<< [apiv2][status] POST https://firebasehosting.googleapis.com/v1beta1/projects/-/sites/match-bb30c/versions 200
[debug] [2026-09-07T06:17:36.003Z] <<< [apiv2][body] POST https://firebasehosting.googleapis.com/v1beta1/projects/-/sites/match-bb30c/versions {"name":"projects/781816318930/sites/match-bb30c/versions/b7249319e579d7d6","status":"CREATED","config":{},"labels":{"deployment-tool":"cli-firebase"}}
[info] i  hosting[match-bb30c]: beginning deploy... 
[info] i  hosting[match-bb30c]: found 6 files in dist 
[debug] [2026-09-07T06:17:36.014Z] [hosting] uploading with 200 concurrency
[debug] [2026-09-07T06:17:36.088Z] Checked if tokens are valid: true, expires at: 1788765450890
[debug] [2026-09-07T06:17:36.088Z] Checked if tokens are valid: true, expires at: 1788765450890
[debug] [2026-09-07T06:17:36.090Z] [hosting] hash cache [ZGlzdA] stored for 6 files
[debug] [2026-09-07T06:17:36.090Z] [hosting][hash queue][FINAL] {"max":68,"min":4,"avg":15.166666666666666,"active":0,"complete":6,"success":6,"errored":0,"retried":0,"total":6,"elapsed":72}
[debug] [2026-09-07T06:17:36.090Z] >>> [apiv2][query] POST https://firebasehosting.googleapis.com/v1beta1/projects/781816318930/sites/match-bb30c/versions/b7249319e579d7d6:populateFiles [none]
[debug] [2026-09-07T06:17:36.090Z] >>> [apiv2][body] POST https://firebasehosting.googleapis.com/v1beta1/projects/781816318930/sites/match-bb30c/versions/b7249319e579d7d6:populateFiles {"files":{"/index.html":"d3c2a5aa037df4ef1caecd6e32ce801f6669efc8cb6f79cddfd74a52ee215905","/metadata.json":"59607d4abc28dbe25c04810f4160b1e785f320a28d51d4caf80c70367ec8b978","/assets/assets/i.6ed753e49a6a1cccbc78cf170742d336.png":"565ecedd47dfe0bd1e536b8df912ec80ecbc39404c106680275ba62a72bc2279","/favicon.ico":"3aa075641cdca4ab445cd3306616a835126e411730852ae3b366b2ec4a525acd","/assets/assets/logo.bad0fbd8f610b9d2b23c3995f03e2bdc.jpg":"91626ae9540becf24ca2c3cdcf3a66d18bdae30613dd5de1deec8cf93213d958","/_expo/static/js/web/index-0ccafd07d9748fc89d26cc224d4203c1.js":"0cd02ea3590d8fbe7ad0c2014a85b0353173bf7c154bff2c06ed84e263f9c7c2"}}
[debug] [2026-09-07T06:17:36.773Z] <<< [apiv2][status] POST https://firebasehosting.googleapis.com/v1beta1/projects/781816318930/sites/match-bb30c/versions/b7249319e579d7d6:populateFiles 200
[debug] [2026-09-07T06:17:36.773Z] <<< [apiv2][body] POST https://firebasehosting.googleapis.com/v1beta1/projects/781816318930/sites/match-bb30c/versions/b7249319e579d7d6:populateFiles {"uploadRequiredHashes":["d3c2a5aa037df4ef1caecd6e32ce801f6669efc8cb6f79cddfd74a52ee215905","0cd02ea3590d8fbe7ad0c2014a85b0353173bf7c154bff2c06ed84e263f9c7c2"],"uploadUrl":"https://upload-firebasehosting.googleapis.com/upload/sites/match-bb30c/versions/b7249319e579d7d6/files"}
[debug] [2026-09-07T06:17:36.774Z] Checked if tokens are valid: true, expires at: 1788765450890
[debug] [2026-09-07T06:17:36.774Z] Checked if tokens are valid: true, expires at: 1788765450890
[debug] [2026-09-07T06:17:36.774Z] Checked if tokens are valid: true, expires at: 1788765450890
[debug] [2026-09-07T06:17:36.774Z] Checked if tokens are valid: true, expires at: 1788765450890
[debug] [2026-09-07T06:17:36.775Z] >>> [apiv2][query] POST https://upload-firebasehosting.googleapis.com/upload/sites/match-bb30c/versions/b7249319e579d7d6/files/d3c2a5aa037df4ef1caecd6e32ce801f6669efc8cb6f79cddfd74a52ee215905 [none]
[debug] [2026-09-07T06:17:36.775Z] >>> [apiv2][body] POST https://upload-firebasehosting.googleapis.com/upload/sites/match-bb30c/versions/b7249319e579d7d6/files/d3c2a5aa037df4ef1caecd6e32ce801f6669efc8cb6f79cddfd74a52ee215905 [stream]
[debug] [2026-09-07T06:17:36.776Z] >>> [apiv2][query] POST https://upload-firebasehosting.googleapis.com/upload/sites/match-bb30c/versions/b7249319e579d7d6/files/0cd02ea3590d8fbe7ad0c2014a85b0353173bf7c154bff2c06ed84e263f9c7c2 [none]
[debug] [2026-09-07T06:17:36.776Z] >>> [apiv2][body] POST https://upload-firebasehosting.googleapis.com/upload/sites/match-bb30c/versions/b7249319e579d7d6/files/0cd02ea3590d8fbe7ad0c2014a85b0353173bf7c154bff2c06ed84e263f9c7c2 [stream]
[debug] [2026-09-07T06:17:36.778Z] [hosting][populate queue][FINAL] {"max":686,"min":686,"avg":686,"active":0,"complete":1,"success":1,"errored":0,"retried":0,"total":1,"elapsed":690}
[debug] [2026-09-07T06:17:36.779Z] [hosting] uploads queued: 2
[info] i  hosting: uploading new files [0/2] (0%) 
[debug] [2026-09-07T06:17:38.384Z] <<< [apiv2][status] POST https://upload-firebasehosting.googleapis.com/upload/sites/match-bb30c/versions/b7249319e579d7d6/files/d3c2a5aa037df4ef1caecd6e32ce801f6669efc8cb6f79cddfd74a52ee215905 200
[debug] [2026-09-07T06:17:38.384Z] <<< [apiv2][body] POST https://upload-firebasehosting.googleapis.com/upload/sites/match-bb30c/versions/b7249319e579d7d6/files/d3c2a5aa037df4ef1caecd6e32ce801f6669efc8cb6f79cddfd74a52ee215905 [stream]
[debug] [2026-09-07T06:17:38.633Z] <<< [apiv2][status] POST https://upload-firebasehosting.googleapis.com/upload/sites/match-bb30c/versions/b7249319e579d7d6/files/0cd02ea3590d8fbe7ad0c2014a85b0353173bf7c154bff2c06ed84e263f9c7c2 200
[debug] [2026-09-07T06:17:38.633Z] <<< [apiv2][body] POST https://upload-firebasehosting.googleapis.com/upload/sites/match-bb30c/versions/b7249319e579d7d6/files/0cd02ea3590d8fbe7ad0c2014a85b0353173bf7c154bff2c06ed84e263f9c7c2 [stream]
[debug] [2026-09-07T06:17:38.633Z] [hosting][upload queue][FINAL] {"max":1859,"min":1612,"avg":1735.5,"active":0,"complete":2,"success":2,"errored":0,"retried":0,"total":2,"elapsed":1860}
[info] i  hosting: upload complete 
[info] +  hosting[match-bb30c]: file upload complete 
[debug] [2026-09-07T06:17:38.633Z] [hosting] deploy completed after 2628ms
[debug] [2026-09-07T06:17:38.633Z] [
  {
    "config": {
      "public": "dist",
      "ignore": [
        "firebase.json",
        "**/.*",
        "**/node_modules/**"
      ],
      "rewrites": [
        {
          "source": "/api/**",
          "function": {
            "functionId": "api",
            "region": "us-central1"
          }
        },
        {
          "source": "**",
          "destination": "/index.html"
        }
      ],
      "site": "match-bb30c"
    },
    "version": "projects/781816318930/sites/match-bb30c/versions/b7249319e579d7d6"
  }
]
[info] i  hosting[match-bb30c]: finalizing version... 
[debug] [2026-09-07T06:17:38.635Z] Checked if tokens are valid: true, expires at: 1788765450890
[debug] [2026-09-07T06:17:38.635Z] Checked if tokens are valid: true, expires at: 1788765450890
[debug] [2026-09-07T06:17:38.635Z] >>> [apiv2][query] GET https://cloudfunctions.googleapis.com/v1/projects/match-bb30c/locations/-/functions [none]
[debug] [2026-09-07T06:17:39.514Z] <<< [apiv2][status] GET https://cloudfunctions.googleapis.com/v1/projects/match-bb30c/locations/-/functions 200
[debug] [2026-09-07T06:17:39.514Z] <<< [apiv2][body] GET https://cloudfunctions.googleapis.com/v1/projects/match-bb30c/locations/-/functions {}
[debug] [2026-09-07T06:17:39.515Z] Checked if tokens are valid: true, expires at: 1788765450890
[debug] [2026-09-07T06:17:39.515Z] Checked if tokens are valid: true, expires at: 1788765450890
[debug] [2026-09-07T06:17:39.515Z] >>> [apiv2][query] GET https://cloudfunctions.googleapis.com/v2/projects/match-bb30c/locations/-/functions filter=environment%3D%22GEN_2%22
[debug] [2026-09-07T06:17:41.098Z] <<< [apiv2][status] GET https://cloudfunctions.googleapis.com/v2/projects/match-bb30c/locations/-/functions 200
[debug] [2026-09-07T06:17:41.098Z] <<< [apiv2][body] GET https://cloudfunctions.googleapis.com/v2/projects/match-bb30c/locations/-/functions {}
[warn] !  hosting[match-bb30c]: Unable to find a valid endpoint for function `api`, but still including it in the config 
[debug] [2026-09-07T06:17:41.099Z] Checked if tokens are valid: true, expires at: 1788765450890
[debug] [2026-09-07T06:17:41.099Z] Checked if tokens are valid: true, expires at: 1788765450890
[debug] [2026-09-07T06:17:41.100Z] >>> [apiv2][query] PATCH https://firebasehosting.googleapis.com/v1beta1/projects/-/sites/match-bb30c/versions/b7249319e579d7d6 updateMask=status%2Cconfig
[debug] [2026-09-07T06:17:41.100Z] >>> [apiv2][body] PATCH https://firebasehosting.googleapis.com/v1beta1/projects/-/sites/match-bb30c/versions/b7249319e579d7d6 {"status":"FINALIZED","config":{"rewrites":[{"glob":"/api/**","function":"api","functionRegion":"us-central1"},{"glob":"**","path":"/index.html"}]}}
[debug] [2026-09-07T06:17:42.149Z] <<< [apiv2][status] PATCH https://firebasehosting.googleapis.com/v1beta1/projects/-/sites/match-bb30c/versions/b7249319e579d7d6 200
[debug] [2026-09-07T06:17:42.149Z] <<< [apiv2][body] PATCH https://firebasehosting.googleapis.com/v1beta1/projects/-/sites/match-bb30c/versions/b7249319e579d7d6 {"name":"projects/781816318930/sites/match-bb30c/versions/b7249319e579d7d6","status":"FINALIZED","config":{"rewrites":[{"functionRegion":"us-central1","glob":"/api/**","function":"api"},{"glob":"**","path":"/index.html"}]},"labels":{"deployment-tool":"cli-firebase"},"createTime":"2026-09-07T06:17:40.536725Z","createUser":{"email":"phongdanai5555@gmail.com"},"finalizeTime":"2026-09-07T06:17:47.239540Z","finalizeUser":{"email":"phongdanai5555@gmail.com"}}
[debug] [2026-09-07T06:17:42.149Z] [hosting] finalized version for match-bb30c:[object Object]
[info] +  hosting[match-bb30c]: version finalized 
[info] i  hosting[match-bb30c]: releasing new version... 
[debug] [2026-09-07T06:17:42.150Z] Checked if tokens are valid: true, expires at: 1788765450890
[debug] [2026-09-07T06:17:42.150Z] Checked if tokens are valid: true, expires at: 1788765450890
[debug] [2026-09-07T06:17:42.150Z] >>> [apiv2][query] POST https://firebasehosting.googleapis.com/v1beta1/projects/-/sites/match-bb30c/channels/live/releases versionName=projects%2F781816318930%2Fsites%2Fmatch-bb30c%2Fversions%2Fb7249319e579d7d6
[debug] [2026-09-07T06:17:42.150Z] >>> [apiv2][body] POST https://firebasehosting.googleapis.com/v1beta1/projects/-/sites/match-bb30c/channels/live/releases {}
[debug] [2026-09-07T06:17:42.918Z] <<< [apiv2][status] POST https://firebasehosting.googleapis.com/v1beta1/projects/-/sites/match-bb30c/channels/live/releases 200
[debug] [2026-09-10T15:29:50.470Z] ----------------------------------------------------------------------
[debug] [2026-09-10T15:29:50.472Z] Command:       C:\Program Files\nodejs\node.exe C:\Users\phong\AppData\Roaming\npm\node_modules\firebase-tools\lib\bin\firebase.js hosting:sites:list
[debug] [2026-09-10T15:29:50.473Z] CLI Version:   15.25.1
[debug] [2026-09-10T15:29:50.473Z] Platform:      win32
[debug] [2026-09-10T15:29:50.473Z] Node Version:  v22.20.0
[debug] [2026-09-10T15:29:50.474Z] Detected Agent: codex_cli
[debug] [2026-09-10T15:29:50.474Z] Time:          Thu Sep 10 2026 22:29:50 GMT+0700 (เวลาอินโดจีน)
[debug] [2026-09-10T15:29:50.474Z] ----------------------------------------------------------------------
[debug] 
[debug] [2026-09-10T15:29:50.486Z] >>> [apiv2][query] GET https://firebase-public.firebaseio.com/cli.json [none]
[debug] [2026-09-10T15:29:50.697Z] > command requires scopes: ["email","openid","https://www.googleapis.com/auth/cloudplatformprojects.readonly","https://www.googleapis.com/auth/firebase","https://www.googleapis.com/auth/cloud-platform"]
[debug] [2026-09-10T15:29:50.697Z] > authorizing via signed-in user (phongdanai5555@gmail.com)
[debug] [2026-09-10T15:29:50.698Z] [iam] checking project match-bb30c for permissions ["firebase.projects.get","firebasehosting.sites.get"]
[debug] [2026-09-10T15:29:50.700Z] Checked if tokens are valid: false, expires at: 1788765450890
[debug] [2026-09-10T15:29:50.700Z] Checked if tokens are valid: false, expires at: 1788765450890
[debug] [2026-09-10T15:29:50.700Z] > refreshing access token with scopes: []
[debug] [2026-09-10T15:29:50.701Z] >>> [apiv2][query] POST https://www.googleapis.com/oauth2/v3/token [none]
[debug] [2026-09-10T15:29:50.701Z] >>> [apiv2][body] POST https://www.googleapis.com/oauth2/v3/token [omitted]
[debug] [2026-09-10T15:29:50.709Z] *** [apiv2] error from fetch(https://firebase-public.firebaseio.com/cli.json, {"headers":{},"method":"GET","dispatcher":{"_events":{},"_eventsCount":0}}): Error: connect ECONNREFUSED 127.0.0.1:9
[warn] !  Unable to fetch the CLI MOTD and remote config. This is not a fatal error, but may indicate an issue with your network connection. 
[debug] [2026-09-10T15:29:50.710Z] Failed to fetch MOTD FirebaseError: Failed to make request to https://firebase-public.firebaseio.com/cli.json
[debug] [2026-09-10T15:29:50.711Z] *** [apiv2] error from fetch(https://www.googleapis.com/oauth2/v3/token, {"headers":{},"method":"POST","dispatcher":{"_events":{},"_eventsCount":0},"body":{"type":"Buffer","data":[45,45,45,45,45,45,45,45,45,45,45,45,45,45,45,45,45,45,45,45,45,45,45,45,45,45,45,45,50,98,100,101,101,50,49,53,51,49,56,99,54,100,99,102,53,49,102,97,54,52,101,99,13,10,67,111,110,116,101,110,116,45,68,105,115,112,111,115,105,116,105,111,110,58,32,102,111,114,109,45,100,97,116,97,59,32,110,97,109,101,61,34,114,101,102,114,101,115,104,95,116,111,107,101,110,34,13,10,13,10,49,47,47,48,103,116,50,118,67,108,109,83,54,56,118,75,67,103,89,73,65,82,65,65,71,66,65,83,78,119,70,45,76,57,73,114,74,102,108,67,73,97,103,108,103,67,121,71,117,120,102,120,97,100,110,81,106,71,66,122,121,71,54,101,97,54,101,81,70,119,114,72,56,121,77,57,50,108,70,89,49,56,117,84,118,118,110,120,75,110,78,73,56,79,121,121,104,99,120,78,121,48,115,13,10,45,45,45,45,45,45,45,45,45,45,45,45,45,45,45,45,45,45,45,45,45,45,45,45,45,45,45,45,50,98,100,101,101,50,49,53,51,49,56,99,54,100,99,102,53,49,102,97,54,52,101,99,13,10,67,111,110,116,101,110,116,45,68,105,115,112,111,115,105,116,105,111,110,58,32,102,111,114,109,45,100,97,116,97,59,32,110,97,109,101,61,34,99,108,105,101,110,116,95,105,100,34,13,10,13,10,53,54,51,53,56,52,51,51,53,56,54,57,45,102,103,114,104,103,109,100,52,55,98,113,110,101,107,105,106,53,105,56,98,53,112,114,48,51,104,111,56,52,57,101,54,46,97,112,112,115,46,103,111,111,103,108,101,117,115,101,114,99,111,110,116,101,110,116,46,99,111,109,13,10,45,45,45,45,45,45,45,45,45,45,45,45,45,45,45,45,45,45,45,45,45,45,45,45,45,45,45,45,50,98,100,101,101,50,49,53,51,49,56,99,54,100,99,102,53,49,102,97,54,52,101,99,13,10,67,111,110,116,101,110,116,45,68,105,115,112,111,115,105,116,105,111,110,58,32,102,111,114,109,45,100,97,116,97,59,32,110,97,109,101,61,34,99,108,105,101,110,116,95,115,101,99,114,101,116,34,13,10,13,10,106,57,105,86,90,102,83,56,107,107,67,69,70,85,80,97,65,101,74,86,48,115,65,105,13,10,45,45,45,45,45,45,45,45,45,45,45,45,45,45,45,45,45,45,45,45,45,45,45,45,45,45,45,45,50,98,100,101,101,50,49,53,51,49,56,99,54,100,99,102,53,49,102,97,54,52,101,99,13,10,67,111,110,116,101,110,116,45,68,105,115,112,111,115,105,116,105,111,110,58,32,102,111,114,109,45,100,97,116,97,59,32,110,97,109,101,61,34,103,114,97,110,116,95,116,121,112,101,34,13,10,13,10,114,101,102,114,101,115,104,95,116,111,107,101,110,13,10,45,45,45,45,45,45,45,45,45,45,45,45,45,45,45,45,45,45,45,45,45,45,45,45,45,45,45,45,50,98,100,101,101,50,49,53,51,49,56,99,54,100,99,102,53,49,102,97,54,52,101,99,13,10,67,111,110,116,101,110,116,45,68,105,115,112,111,115,105,116,105,111,110,58,32,102,111,114,109,45,100,97,116,97,59,32,110,97,109,101,61,34,115,99,111,112,101,34,13,10,13,10,13,10,45,45,45,45,45,45,45,45,45,45,45,45,45,45,45,45,45,45,45,45,45,45,45,45,45,45,45,45,50,98,100,101,101,50,49,53,51,49,56,99,54,100,99,102,53,49,102,97,54,52,101,99,45,45,13,10]}}): Error: connect ECONNREFUSED 127.0.0.1:9
[error] Authentication Error: Your credentials are no longer valid. Please run firebase login --reauth

For CI servers and headless environments, generate a new token with firebase login:ci
[debug] [2026-09-10T15:29:50.711Z] [iam] error while checking permissions, command may fail: Authentication Error: Your credentials are no longer valid. Please run firebase login --reauth

For CI servers and headless environments, generate a new token with firebase login:ci
[debug] [2026-09-10T15:29:50.712Z] Checked if tokens are valid: false, expires at: 1788765450890
[debug] [2026-09-10T15:29:50.712Z] Checked if tokens are valid: false, expires at: 1788765450890
[debug] [2026-09-10T15:29:50.712Z] > refreshing access token with scopes: []
[debug] [2026-09-10T15:29:50.713Z] >>> [apiv2][query] POST https://www.googleapis.com/oauth2/v3/token [none]
[debug] [2026-09-10T15:29:50.713Z] >>> [apiv2][body] POST https://www.googleapis.com/oauth2/v3/token [omitted]
[debug] [2026-09-10T15:29:50.720Z] *** [apiv2] error from fetch(https://www.googleapis.com/oauth2/v3/token, {"headers":{},"method":"POST","dispatcher":{"_events":{},"_eventsCount":0},"body":{"type":"Buffer","data":[45,45,45,45,45,45,45,45,45,45,45,45,45,45,45,45,45,45,45,45,45,45,45,45,45,45,45,45,49,98,100,57,97,51,52,97,56,48,55,57,102,55,56,55,49,55,49,56,52,49,51,49,13,10,67,111,110,116,101,110,116,45,68,105,115,112,111,115,105,116,105,111,110,58,32,102,111,114,109,45,100,97,116,97,59,32,110,97,109,101,61,34,114,101,102,114,101,115,104,95,116,111,107,101,110,34,13,10,13,10,49,47,47,48,103,116,50,118,67,108,109,83,54,56,118,75,67,103,89,73,65,82,65,65,71,66,65,83,78,119,70,45,76,57,73,114,74,102,108,67,73,97,103,108,103,67,121,71,117,120,102,120,97,100,110,81,106,71,66,122,121,71,54,101,97,54,101,81,70,119,114,72,56,121,77,57,50,108,70,89,49,56,117,84,118,118,110,120,75,110,78,73,56,79,121,121,104,99,120,78,121,48,115,13,10,45,45,45,45,45,45,45,45,45,45,45,45,45,45,45,45,45,45,45,45,45,45,45,45,45,45,45,45,49,98,100,57,97,51,52,97,56,48,55,57,102,55,56,55,49,55,49,56,52,49,51,49,13,10,67,111,110,116,101,110,116,45,68,105,115,112,111,115,105,116,105,111,110,58,32,102,111,114,109,45,100,97,116,97,59,32,110,97,109,101,61,34,99,108,105,101,110,116,95,105,100,34,13,10,13,10,53,54,51,53,56,52,51,51,53,56,54,57,45,102,103,114,104,103,109,100,52,55,98,113,110,101,107,105,106,53,105,56,98,53,112,114,48,51,104,111,56,52,57,101,54,46,97,112,112,115,46,103,111,111,103,108,101,117,115,101,114,99,111,110,116,101,110,116,46,99,111,109,13,10,45,45,45,45,45,45,45,45,45,45,45,45,45,45,45,45,45,45,45,45,45,45,45,45,45,45,45,45,49,98,100,57,97,51,52,97,56,48,55,57,102,55,56,55,49,55,49,56,52,49,51,49,13,10,67,111,110,116,101,110,116,45,68,105,115,112,111,115,105,116,105,111,110,58,32,102,111,114,109,45,100,97,116,97,59,32,110,97,109,101,61,34,99,108,105,101,110,116,95,115,101,99,114,101,116,34,13,10,13,10,106,57,105,86,90,102,83,56,107,107,67,69,70,85,80,97,65,101,74,86,48,115,65,105,13,10,45,45,45,45,45,45,45,45,45,45,45,45,45,45,45,45,45,45,45,45,45,45,45,45,45,45,45,45,49,98,100,57,97,51,52,97,56,48,55,57,102,55,56,55,49,55,49,56,52,49,51,49,13,10,67,111,110,116,101,110,116,45,68,105,115,112,111,115,105,116,105,111,110,58,32,102,111,114,109,45,100,97,116,97,59,32,110,97,109,101,61,34,103,114,97,110,116,95,116,121,112,101,34,13,10,13,10,114,101,102,114,101,115,104,95,116,111,107,101,110,13,10,45,45,45,45,45,45,45,45,45,45,45,45,45,45,45,45,45,45,45,45,45,45,45,45,45,45,45,45,49,98,100,57,97,51,52,97,56,48,55,57,102,55,56,55,49,55,49,56,52,49,51,49,13,10,67,111,110,116,101,110,116,45,68,105,115,112,111,115,105,116,105,111,110,58,32,102,111,114,109,45,100,97,116,97,59,32,110,97,109,101,61,34,115,99,111,112,101,34,13,10,13,10,13,10,45,45,45,45,45,45,45,45,45,45,45,45,45,45,45,45,45,45,45,45,45,45,45,45,45,45,45,45,49,98,100,57,97,51,52,97,56,48,55,57,102,55,56,55,49,55,49,56,52,49,51,49,45,45,13,10]}}): Error: connect ECONNREFUSED 127.0.0.1:9
[error] Authentication Error: Your credentials are no longer valid. Please run firebase login --reauth

For CI servers and headless environments, generate a new token with firebase login:ci
[error] 
[error] Error: Authentication Error: Your credentials are no longer valid. Please run firebase login --reauth

For CI servers and headless environments, generate a new token with firebase login:ci
[debug] [2026-09-10T15:29:28.684Z] ----------------------------------------------------------------------
[debug] [2026-09-10T15:29:28.687Z] Command:       C:\Program Files\nodejs\node.exe C:\Users\phong\AppData\Roaming\npm\node_modules\firebase-tools\lib\bin\firebase.js deploy --only hosting
[debug] [2026-09-10T15:29:28.688Z] CLI Version:   15.25.1
[debug] [2026-09-10T15:29:28.688Z] Platform:      win32
[debug] [2026-09-10T15:29:28.688Z] Node Version:  v22.20.0
[debug] [2026-09-10T15:29:28.688Z] Detected Agent: codex_cli
[debug] [2026-09-10T15:29:28.689Z] Time:          Thu Sep 10 2026 22:29:28 GMT+0700 (เวลาอินโดจีน)
[debug] [2026-09-10T15:29:28.689Z] ----------------------------------------------------------------------
[debug] 
[debug] [2026-09-10T15:29:28.701Z] >>> [apiv2][query] GET https://firebase-public.firebaseio.com/cli.json [none]
[debug] [2026-09-10T15:29:50.759Z] > command requires scopes: ["email","openid","https://www.googleapis.com/auth/cloudplatformprojects.readonly","https://www.googleapis.com/auth/firebase","https://www.googleapis.com/auth/cloud-platform"]
[debug] [2026-09-10T15:29:50.760Z] > authorizing via signed-in user (phongdanai5555@gmail.com)
[debug] [2026-09-10T15:29:50.760Z] [iam] checking project match-bb30c for permissions ["firebase.projects.get","firebasehosting.sites.update"]
[debug] [2026-09-10T15:29:50.761Z] Checked if tokens are valid: false, expires at: 1788765450890
[debug] [2026-09-10T15:29:50.761Z] Checked if tokens are valid: false, expires at: 1788765450890
[debug] [2026-09-10T15:29:50.762Z] > refreshing access token with scopes: []
[debug] [2026-09-10T15:29:50.763Z] >>> [apiv2][query] POST https://www.googleapis.com/oauth2/v3/token [none]
[debug] [2026-09-10T15:29:50.763Z] >>> [apiv2][body] POST https://www.googleapis.com/oauth2/v3/token [omitted]
[debug] [2026-09-10T15:29:50.974Z] <<< [apiv2][status] POST https://www.googleapis.com/oauth2/v3/token 200
[debug] [2026-09-10T15:29:51.147Z] Error: EPERM: operation not permitted, open 'C:\Users\phong\.config\configstore\firebase-tools.json.2969562416'
    at Object.openSync (node:fs:561:18)
    at Function.writeFileSync [as sync] (C:\Users\phong\AppData\Roaming\npm\node_modules\firebase-tools\node_modules\write-file-atomic\index.js:205:13)
    at set all (C:\Users\phong\AppData\Roaming\npm\node_modules\firebase-tools\node_modules\configstore\index.js:61:20)
    at Configstore.delete (C:\Users\phong\AppData\Roaming\npm\node_modules\firebase-tools\node_modules\configstore\index.js:101:12)
    at process.<anonymous> (C:\Users\phong\AppData\Roaming\npm\node_modules\firebase-tools\lib\bin\cli.js:95:45)
    at process.emit (node:events:531:35)
    at process.exit (node:internal/process/per_thread:240:15)
    at Timeout._onTimeout (C:\Users\phong\AppData\Roaming\npm\node_modules\firebase-tools\lib\errorOut.js:20:17)
    at listOnTimeout (node:internal/timers:588:17)
    at process.processTimers (node:internal/timers:523:7)
[error] 
[error] Error: An unexpected error has occurred.
[debug] [2026-09-10T15:29:50.974Z] <<< [apiv2][body] POST https://www.googleapis.com/oauth2/v3/token [omitted]
[debug] [2026-09-10T15:29:51.467Z] >>> [apiv2][query] POST https://cloudresourcemanager.googleapis.com/v1/projects/match-bb30c:testIamPermissions [none]
[debug] [2026-09-10T15:29:51.467Z] >>> [apiv2][(partial)header] POST https://cloudresourcemanager.googleapis.com/v1/projects/match-bb30c:testIamPermissions  x-goog-user-project=match-bb30c
[debug] [2026-09-10T15:29:51.467Z] >>> [apiv2][body] POST https://cloudresourcemanager.googleapis.com/v1/projects/match-bb30c:testIamPermissions {"permissions":["firebase.projects.get","firebasehosting.sites.update"]}
[debug] [2026-09-10T15:29:51.732Z] <<< [apiv2][status] GET https://firebase-public.firebaseio.com/cli.json 200
[debug] [2026-09-10T15:29:51.732Z] <<< [apiv2][body] GET https://firebase-public.firebaseio.com/cli.json {"cloudBuildErrorAfter":1594252800000,"cloudBuildWarnAfter":1590019200000,"defaultNode10After":1594252800000,"minVersion":"3.0.5","node8DeploysDisabledAfter":1613390400000,"node8RuntimeDisabledAfter":1615809600000,"node8WarnAfter":1600128000000}
[debug] [2026-09-10T15:29:52.730Z] <<< [apiv2][status] POST https://cloudresourcemanager.googleapis.com/v1/projects/match-bb30c:testIamPermissions 200
[debug] [2026-09-10T15:29:52.731Z] <<< [apiv2][body] POST https://cloudresourcemanager.googleapis.com/v1/projects/match-bb30c:testIamPermissions {"permissions":["firebase.projects.get","firebasehosting.sites.update"]}
[debug] [2026-09-10T15:29:52.732Z] Checked if tokens are valid: true, expires at: 1789057789974
[debug] [2026-09-10T15:29:52.732Z] Checked if tokens are valid: true, expires at: 1789057789974
[debug] [2026-09-10T15:29:52.732Z] >>> [apiv2][query] GET https://firebase.googleapis.com/v1beta1/projects/match-bb30c [none]
[debug] [2026-09-10T15:29:53.217Z] <<< [apiv2][status] GET https://firebase.googleapis.com/v1beta1/projects/match-bb30c 200
[debug] [2026-09-10T15:29:53.217Z] <<< [apiv2][body] GET https://firebase.googleapis.com/v1beta1/projects/match-bb30c {"projectId":"match-bb30c","projectNumber":"781816318930","displayName":"match","name":"projects/match-bb30c","resources":{"hostingSite":"match-bb30c"},"state":"ACTIVE","labels":{"firebase":"enabled"},"etag":"1_e42c5cea-6269-4aaa-8b7a-1052cd41180e"}
[info] 
[info] === Deploying to 'match-bb30c'...
[info] 
[info] i  deploying hosting 
[debug] [2026-09-10T15:29:53.222Z] Checked if tokens are valid: true, expires at: 1789057789974
[debug] [2026-09-10T15:29:53.222Z] Checked if tokens are valid: true, expires at: 1789057789974
[debug] [2026-09-10T15:29:53.222Z] >>> [apiv2][query] GET https://firebasehosting.googleapis.com/v1beta1/projects/match-bb30c/sites/match-bb30c [none]
[debug] [2026-09-10T15:29:54.174Z] <<< [apiv2][status] GET https://firebasehosting.googleapis.com/v1beta1/projects/match-bb30c/sites/match-bb30c 200
[debug] [2026-09-10T15:29:54.174Z] <<< [apiv2][body] GET https://firebasehosting.googleapis.com/v1beta1/projects/match-bb30c/sites/match-bb30c {"name":"projects/match-bb30c/sites/match-bb30c","defaultUrl":"https://match-bb30c.web.app","type":"DEFAULT_SITE"}
[debug] [2026-09-10T15:29:54.176Z] Checked if tokens are valid: true, expires at: 1789057789974
[debug] [2026-09-10T15:29:54.176Z] Checked if tokens are valid: true, expires at: 1789057789974
[debug] [2026-09-10T15:29:54.176Z] >>> [apiv2][query] POST https://firebasehosting.googleapis.com/v1beta1/projects/-/sites/match-bb30c/versions [none]
[debug] [2026-09-10T15:29:54.177Z] >>> [apiv2][body] POST https://firebasehosting.googleapis.com/v1beta1/projects/-/sites/match-bb30c/versions {"status":"CREATED","labels":{"deployment-tool":"cli-firebase"}}
[debug] [2026-09-10T15:29:55.894Z] <<< [apiv2][status] POST https://firebasehosting.googleapis.com/v1beta1/projects/-/sites/match-bb30c/versions 200
[debug] [2026-09-10T15:29:55.894Z] <<< [apiv2][body] POST https://firebasehosting.googleapis.com/v1beta1/projects/-/sites/match-bb30c/versions {"name":"projects/781816318930/sites/match-bb30c/versions/3c77accfa9065d0a","status":"CREATED","config":{},"labels":{"deployment-tool":"cli-firebase"}}
[info] i  hosting[match-bb30c]: beginning deploy... 
[info] i  hosting[match-bb30c]: found 6 files in dist 
[debug] [2026-09-10T15:29:55.913Z] [hosting] uploading with 200 concurrency
[debug] [2026-09-10T15:29:55.999Z] Checked if tokens are valid: true, expires at: 1789057789974
[debug] [2026-09-10T15:29:55.999Z] Checked if tokens are valid: true, expires at: 1789057789974
[debug] [2026-09-10T15:29:56.000Z] [hosting] hash cache [ZGlzdA] stored for 6 files
[debug] [2026-09-10T15:29:56.000Z] [hosting][hash queue][FINAL] {"max":81,"min":7,"avg":19.5,"active":0,"complete":6,"success":6,"errored":0,"retried":0,"total":6,"elapsed":84}
[debug] [2026-09-10T15:29:56.001Z] >>> [apiv2][query] POST https://firebasehosting.googleapis.com/v1beta1/projects/781816318930/sites/match-bb30c/versions/3c77accfa9065d0a:populateFiles [none]
[debug] [2026-09-10T15:29:56.001Z] >>> [apiv2][body] POST https://firebasehosting.googleapis.com/v1beta1/projects/781816318930/sites/match-bb30c/versions/3c77accfa9065d0a:populateFiles {"files":{"/metadata.json":"59607d4abc28dbe25c04810f4160b1e785f320a28d51d4caf80c70367ec8b978","/index.html":"9e1381cfd36f41730e0914e5018ca38017684fd019a3d83f6dc7c88cab80a603","/favicon.ico":"3aa075641cdca4ab445cd3306616a835126e411730852ae3b366b2ec4a525acd","/assets/assets/i.6ed753e49a6a1cccbc78cf170742d336.png":"565ecedd47dfe0bd1e536b8df912ec80ecbc39404c106680275ba62a72bc2279","/assets/assets/logo.bad0fbd8f610b9d2b23c3995f03e2bdc.jpg":"91626ae9540becf24ca2c3cdcf3a66d18bdae30613dd5de1deec8cf93213d958","/_expo/static/js/web/index-c94eb90a5dae5e0cb6947eb6dce51b08.js":"78332f555b82cb6f73298a2e20007ed5b6c18bef5cbb99de00c94c8f65a2309b"}}
[debug] [2026-09-10T15:29:56.857Z] <<< [apiv2][status] POST https://firebasehosting.googleapis.com/v1beta1/projects/781816318930/sites/match-bb30c/versions/3c77accfa9065d0a:populateFiles 200
[debug] [2026-09-10T15:29:56.857Z] <<< [apiv2][body] POST https://firebasehosting.googleapis.com/v1beta1/projects/781816318930/sites/match-bb30c/versions/3c77accfa9065d0a:populateFiles {"uploadRequiredHashes":["78332f555b82cb6f73298a2e20007ed5b6c18bef5cbb99de00c94c8f65a2309b","9e1381cfd36f41730e0914e5018ca38017684fd019a3d83f6dc7c88cab80a603"],"uploadUrl":"https://upload-firebasehosting.googleapis.com/upload/sites/match-bb30c/versions/3c77accfa9065d0a/files"}
[debug] [2026-09-10T15:29:56.858Z] Checked if tokens are valid: true, expires at: 1789057789974
[debug] [2026-09-10T15:29:56.858Z] Checked if tokens are valid: true, expires at: 1789057789974
[debug] [2026-09-10T15:29:56.859Z] Checked if tokens are valid: true, expires at: 1789057789974
[debug] [2026-09-10T15:29:56.859Z] Checked if tokens are valid: true, expires at: 1789057789974
[debug] [2026-09-10T15:29:56.859Z] >>> [apiv2][query] POST https://upload-firebasehosting.googleapis.com/upload/sites/match-bb30c/versions/3c77accfa9065d0a/files/78332f555b82cb6f73298a2e20007ed5b6c18bef5cbb99de00c94c8f65a2309b [none]
[debug] [2026-09-10T15:29:56.859Z] >>> [apiv2][body] POST https://upload-firebasehosting.googleapis.com/upload/sites/match-bb30c/versions/3c77accfa9065d0a/files/78332f555b82cb6f73298a2e20007ed5b6c18bef5cbb99de00c94c8f65a2309b [stream]
[debug] [2026-09-10T15:29:56.860Z] >>> [apiv2][query] POST https://upload-firebasehosting.googleapis.com/upload/sites/match-bb30c/versions/3c77accfa9065d0a/files/9e1381cfd36f41730e0914e5018ca38017684fd019a3d83f6dc7c88cab80a603 [none]
[debug] [2026-09-10T15:29:56.860Z] >>> [apiv2][body] POST https://upload-firebasehosting.googleapis.com/upload/sites/match-bb30c/versions/3c77accfa9065d0a/files/9e1381cfd36f41730e0914e5018ca38017684fd019a3d83f6dc7c88cab80a603 [stream]
[debug] [2026-09-10T15:29:56.863Z] [hosting][populate queue][FINAL] {"max":860,"min":860,"avg":860,"active":0,"complete":1,"success":1,"errored":0,"retried":0,"total":1,"elapsed":864}
[debug] [2026-09-10T15:29:56.864Z] [hosting] uploads queued: 2
[info] i  hosting: uploading new files [0/2] (0%) 
[debug] [2026-09-10T15:29:58.364Z] <<< [apiv2][status] POST https://upload-firebasehosting.googleapis.com/upload/sites/match-bb30c/versions/3c77accfa9065d0a/files/9e1381cfd36f41730e0914e5018ca38017684fd019a3d83f6dc7c88cab80a603 200
[debug] [2026-09-10T15:29:58.364Z] <<< [apiv2][body] POST https://upload-firebasehosting.googleapis.com/upload/sites/match-bb30c/versions/3c77accfa9065d0a/files/9e1381cfd36f41730e0914e5018ca38017684fd019a3d83f6dc7c88cab80a603 [stream]
[debug] [2026-09-10T15:29:58.603Z] <<< [apiv2][status] POST https://upload-firebasehosting.googleapis.com/upload/sites/match-bb30c/versions/3c77accfa9065d0a/files/78332f555b82cb6f73298a2e20007ed5b6c18bef5cbb99de00c94c8f65a2309b 200
[debug] [2026-09-10T15:29:58.603Z] <<< [apiv2][body] POST https://upload-firebasehosting.googleapis.com/upload/sites/match-bb30c/versions/3c77accfa9065d0a/files/78332f555b82cb6f73298a2e20007ed5b6c18bef5cbb99de00c94c8f65a2309b [stream]
[debug] [2026-09-10T15:29:58.604Z] [hosting][upload queue][FINAL] {"max":1745,"min":1507,"avg":1626,"active":0,"complete":2,"success":2,"errored":0,"retried":0,"total":2,"elapsed":1746}
[info] i  hosting: upload complete 
[info] +  hosting[match-bb30c]: file upload complete 
[debug] [2026-09-10T15:29:58.604Z] [hosting] deploy completed after 2706ms
[debug] [2026-09-10T15:29:58.604Z] [
  {
    "config": {
      "public": "dist",
      "ignore": [
        "firebase.json",
        "**/.*",
        "**/node_modules/**"
      ],
      "rewrites": [
        {
          "source": "/api/**",
          "function": {
            "functionId": "api",
            "region": "us-central1"
          }
        },
        {
          "source": "**",
          "destination": "/index.html"
        }
      ],
      "site": "match-bb30c"
    },
    "version": "projects/781816318930/sites/match-bb30c/versions/3c77accfa9065d0a"
  }
]
[info] i  hosting[match-bb30c]: finalizing version... 
[debug] [2026-09-10T15:29:58.605Z] Checked if tokens are valid: true, expires at: 1789057789974
[debug] [2026-09-10T15:29:58.606Z] Checked if tokens are valid: true, expires at: 1789057789974
[debug] [2026-09-10T15:29:58.606Z] >>> [apiv2][query] GET https://cloudfunctions.googleapis.com/v1/projects/match-bb30c/locations/-/functions [none]
[debug] [2026-09-10T15:29:59.402Z] <<< [apiv2][status] GET https://cloudfunctions.googleapis.com/v1/projects/match-bb30c/locations/-/functions 200
[debug] [2026-09-10T15:29:59.403Z] <<< [apiv2][body] GET https://cloudfunctions.googleapis.com/v1/projects/match-bb30c/locations/-/functions {}
[debug] [2026-09-10T15:29:59.403Z] Checked if tokens are valid: true, expires at: 1789057789974
[debug] [2026-09-10T15:29:59.403Z] Checked if tokens are valid: true, expires at: 1789057789974
[debug] [2026-09-10T15:29:59.403Z] >>> [apiv2][query] GET https://cloudfunctions.googleapis.com/v2/projects/match-bb30c/locations/-/functions filter=environment%3D%22GEN_2%22
[debug] [2026-09-10T15:30:01.092Z] <<< [apiv2][status] GET https://cloudfunctions.googleapis.com/v2/projects/match-bb30c/locations/-/functions 200
[debug] [2026-09-10T15:30:01.092Z] <<< [apiv2][body] GET https://cloudfunctions.googleapis.com/v2/projects/match-bb30c/locations/-/functions {}
[warn] !  hosting[match-bb30c]: Unable to find a valid endpoint for function `api`, but still including it in the config 
[debug] [2026-09-10T15:30:01.094Z] Checked if tokens are valid: true, expires at: 1789057789974
[debug] [2026-09-10T15:30:01.094Z] Checked if tokens are valid: true, expires at: 1789057789974
[debug] [2026-09-10T15:30:01.094Z] >>> [apiv2][query] PATCH https://firebasehosting.googleapis.com/v1beta1/projects/-/sites/match-bb30c/versions/3c77accfa9065d0a updateMask=status%2Cconfig
[debug] [2026-09-10T15:30:01.094Z] >>> [apiv2][body] PATCH https://firebasehosting.googleapis.com/v1beta1/projects/-/sites/match-bb30c/versions/3c77accfa9065d0a {"status":"FINALIZED","config":{"rewrites":[{"glob":"/api/**","function":"api","functionRegion":"us-central1"},{"glob":"**","path":"/index.html"}]}}
[debug] [2026-09-10T15:30:02.174Z] <<< [apiv2][status] PATCH https://firebasehosting.googleapis.com/v1beta1/projects/-/sites/match-bb30c/versions/3c77accfa9065d0a 200
[debug] [2026-09-10T15:30:02.174Z] <<< [apiv2][body] PATCH https://firebasehosting.googleapis.com/v1beta1/projects/-/sites/match-bb30c/versions/3c77accfa9065d0a {"name":"projects/781816318930/sites/match-bb30c/versions/3c77accfa9065d0a","status":"FINALIZED","config":{"rewrites":[{"functionRegion":"us-central1","glob":"/api/**","function":"api"},{"glob":"**","path":"/index.html"}]},"labels":{"deployment-tool":"cli-firebase"},"createTime":"2026-09-10T15:30:00.137941Z","createUser":{"email":"phongdanai5555@gmail.com"},"finalizeTime":"2026-09-10T15:30:07.581236Z","finalizeUser":{"email":"phongdanai5555@gmail.com"}}
[debug] [2026-09-10T15:30:02.174Z] [hosting] finalized version for match-bb30c:[object Object]
[info] +  hosting[match-bb30c]: version finalized 
[info] i  hosting[match-bb30c]: releasing new version... 
[debug] [2026-09-10T15:30:02.175Z] Checked if tokens are valid: true, expires at: 1789057789974
[debug] [2026-09-10T15:30:02.175Z] Checked if tokens are valid: true, expires at: 1789057789974
[debug] [2026-09-10T15:30:02.175Z] >>> [apiv2][query] POST https://firebasehosting.googleapis.com/v1beta1/projects/-/sites/match-bb30c/channels/live/releases versionName=projects%2F781816318930%2Fsites%2Fmatch-bb30c%2Fversions%2F3c77accfa9065d0a
[debug] [2026-09-10T15:30:02.175Z] >>> [apiv2][body] POST https://firebasehosting.googleapis.com/v1beta1/projects/-/sites/match-bb30c/channels/live/releases {}
[debug] [2026-09-10T15:30:02.972Z] <<< [apiv2][status] POST https://firebasehosting.googleapis.com/v1beta1/projects/-/sites/match-bb30c/channels/live/releases 200
[debug] [2026-09-11T13:00:06.255Z] ----------------------------------------------------------------------
[debug] [2026-09-11T13:00:06.258Z] Command:       C:\Program Files\nodejs\node.exe C:\Users\phong\AppData\Roaming\npm\node_modules\firebase-tools\lib\bin\firebase.js deploy --only hosting
[debug] [2026-09-11T13:00:06.258Z] CLI Version:   15.25.1
[debug] [2026-09-11T13:00:06.259Z] Platform:      win32
[debug] [2026-09-11T13:00:06.259Z] Node Version:  v22.20.0
[debug] [2026-09-11T13:00:06.259Z] Detected Agent: codex_cli
[debug] [2026-09-11T13:00:06.259Z] Time:          Fri Sep 11 2026 20:00:06 GMT+0700 (เวลาอินโดจีน)
[debug] [2026-09-11T13:00:06.260Z] ----------------------------------------------------------------------
[debug] 
[debug] [2026-09-11T13:00:24.490Z] > command requires scopes: ["email","openid","https://www.googleapis.com/auth/cloudplatformprojects.readonly","https://www.googleapis.com/auth/firebase","https://www.googleapis.com/auth/cloud-platform"]
[debug] [2026-09-11T13:00:24.490Z] > authorizing via signed-in user (phongdanai5555@gmail.com)
[debug] [2026-09-11T13:00:24.491Z] [iam] checking project match-bb30c for permissions ["firebase.projects.get","firebasehosting.sites.update"]
[debug] [2026-09-11T13:00:24.499Z] Checked if tokens are valid: false, expires at: 1789057789974
[debug] [2026-09-11T13:00:24.500Z] Checked if tokens are valid: false, expires at: 1789057789974
[debug] [2026-09-11T13:00:24.500Z] > refreshing access token with scopes: []
[debug] [2026-09-11T13:00:24.505Z] >>> [apiv2][query] POST https://www.googleapis.com/oauth2/v3/token [none]
[debug] [2026-09-11T13:00:24.505Z] >>> [apiv2][body] POST https://www.googleapis.com/oauth2/v3/token [omitted]
[debug] [2026-09-11T13:00:24.729Z] <<< [apiv2][status] POST https://www.googleapis.com/oauth2/v3/token 200
[debug] [2026-09-11T13:00:24.729Z] <<< [apiv2][body] POST https://www.googleapis.com/oauth2/v3/token [omitted]
[debug] [2026-09-11T13:00:24.746Z] >>> [apiv2][query] POST https://cloudresourcemanager.googleapis.com/v1/projects/match-bb30c:testIamPermissions [none]
[debug] [2026-09-11T13:00:24.746Z] >>> [apiv2][(partial)header] POST https://cloudresourcemanager.googleapis.com/v1/projects/match-bb30c:testIamPermissions  x-goog-user-project=match-bb30c
[debug] [2026-09-11T13:00:24.747Z] >>> [apiv2][body] POST https://cloudresourcemanager.googleapis.com/v1/projects/match-bb30c:testIamPermissions {"permissions":["firebase.projects.get","firebasehosting.sites.update"]}
[debug] [2026-09-11T13:00:25.987Z] <<< [apiv2][status] POST https://cloudresourcemanager.googleapis.com/v1/projects/match-bb30c:testIamPermissions 200
[debug] [2026-09-11T13:00:25.987Z] <<< [apiv2][body] POST https://cloudresourcemanager.googleapis.com/v1/projects/match-bb30c:testIamPermissions {"permissions":["firebase.projects.get","firebasehosting.sites.update"]}
[debug] [2026-09-11T13:00:25.987Z] Checked if tokens are valid: true, expires at: 1789135223729
[debug] [2026-09-11T13:00:25.988Z] Checked if tokens are valid: true, expires at: 1789135223729
[debug] [2026-09-11T13:00:25.988Z] >>> [apiv2][query] GET https://firebase.googleapis.com/v1beta1/projects/match-bb30c [none]
[debug] [2026-09-11T13:00:26.472Z] <<< [apiv2][status] GET https://firebase.googleapis.com/v1beta1/projects/match-bb30c 200
[debug] [2026-09-11T13:00:26.472Z] <<< [apiv2][body] GET https://firebase.googleapis.com/v1beta1/projects/match-bb30c {"projectId":"match-bb30c","projectNumber":"781816318930","displayName":"match","name":"projects/match-bb30c","resources":{"hostingSite":"match-bb30c"},"state":"ACTIVE","labels":{"firebase":"enabled"},"etag":"1_e42c5cea-6269-4aaa-8b7a-1052cd41180e"}
[info] 
[info] === Deploying to 'match-bb30c'...
[info] 
[info] i  deploying hosting 
[debug] [2026-09-11T13:00:26.476Z] Checked if tokens are valid: true, expires at: 1789135223729
[debug] [2026-09-11T13:00:26.476Z] Checked if tokens are valid: true, expires at: 1789135223729
[debug] [2026-09-11T13:00:26.477Z] >>> [apiv2][query] GET https://firebasehosting.googleapis.com/v1beta1/projects/match-bb30c/sites/match-bb30c [none]
[debug] [2026-09-11T13:00:27.491Z] <<< [apiv2][status] GET https://firebasehosting.googleapis.com/v1beta1/projects/match-bb30c/sites/match-bb30c 200
[debug] [2026-09-11T13:00:27.492Z] <<< [apiv2][body] GET https://firebasehosting.googleapis.com/v1beta1/projects/match-bb30c/sites/match-bb30c {"name":"projects/match-bb30c/sites/match-bb30c","defaultUrl":"https://match-bb30c.web.app","type":"DEFAULT_SITE"}
[debug] [2026-09-11T13:00:27.493Z] Checked if tokens are valid: true, expires at: 1789135223729
[debug] [2026-09-11T13:00:27.493Z] Checked if tokens are valid: true, expires at: 1789135223729
[debug] [2026-09-11T13:00:27.494Z] >>> [apiv2][query] POST https://firebasehosting.googleapis.com/v1beta1/projects/-/sites/match-bb30c/versions [none]
[debug] [2026-09-11T13:00:27.494Z] >>> [apiv2][body] POST https://firebasehosting.googleapis.com/v1beta1/projects/-/sites/match-bb30c/versions {"status":"CREATED","labels":{"deployment-tool":"cli-firebase"}}
[debug] [2026-09-11T13:00:28.703Z] <<< [apiv2][status] POST https://firebasehosting.googleapis.com/v1beta1/projects/-/sites/match-bb30c/versions 200
[debug] [2026-09-11T13:00:28.703Z] <<< [apiv2][body] POST https://firebasehosting.googleapis.com/v1beta1/projects/-/sites/match-bb30c/versions {"name":"projects/781816318930/sites/match-bb30c/versions/f163f1439e548b13","status":"CREATED","config":{},"labels":{"deployment-tool":"cli-firebase"}}
[info] i  hosting[match-bb30c]: beginning deploy... 
[info] i  hosting[match-bb30c]: found 6 files in dist 
[debug] [2026-09-11T13:00:28.716Z] [hosting] uploading with 200 concurrency
[debug] [2026-09-11T13:00:28.787Z] Checked if tokens are valid: true, expires at: 1789135223729
[debug] [2026-09-11T13:00:28.787Z] Checked if tokens are valid: true, expires at: 1789135223729
[debug] [2026-09-11T13:00:28.789Z] [hosting] hash cache [ZGlzdA] stored for 6 files
[debug] [2026-09-11T13:00:28.789Z] [hosting][hash queue][FINAL] {"max":68,"min":4,"avg":15.166666666666666,"active":0,"complete":6,"success":6,"errored":0,"retried":0,"total":6,"elapsed":71}
[debug] [2026-09-11T13:00:28.789Z] >>> [apiv2][query] POST https://firebasehosting.googleapis.com/v1beta1/projects/781816318930/sites/match-bb30c/versions/f163f1439e548b13:populateFiles [none]
[debug] [2026-09-11T13:00:28.789Z] >>> [apiv2][body] POST https://firebasehosting.googleapis.com/v1beta1/projects/781816318930/sites/match-bb30c/versions/f163f1439e548b13:populateFiles {"files":{"/metadata.json":"59607d4abc28dbe25c04810f4160b1e785f320a28d51d4caf80c70367ec8b978","/index.html":"9e1381cfd36f41730e0914e5018ca38017684fd019a3d83f6dc7c88cab80a603","/assets/assets/i.6ed753e49a6a1cccbc78cf170742d336.png":"565ecedd47dfe0bd1e536b8df912ec80ecbc39404c106680275ba62a72bc2279","/favicon.ico":"3aa075641cdca4ab445cd3306616a835126e411730852ae3b366b2ec4a525acd","/assets/assets/logo.bad0fbd8f610b9d2b23c3995f03e2bdc.jpg":"91626ae9540becf24ca2c3cdcf3a66d18bdae30613dd5de1deec8cf93213d958","/_expo/static/js/web/index-c94eb90a5dae5e0cb6947eb6dce51b08.js":"78332f555b82cb6f73298a2e20007ed5b6c18bef5cbb99de00c94c8f65a2309b"}}
[debug] [2026-09-11T13:00:29.655Z] <<< [apiv2][status] POST https://firebasehosting.googleapis.com/v1beta1/projects/781816318930/sites/match-bb30c/versions/f163f1439e548b13:populateFiles 200
[debug] [2026-09-11T13:00:29.656Z] <<< [apiv2][body] POST https://firebasehosting.googleapis.com/v1beta1/projects/781816318930/sites/match-bb30c/versions/f163f1439e548b13:populateFiles {"uploadUrl":"https://upload-firebasehosting.googleapis.com/upload/sites/match-bb30c/versions/f163f1439e548b13/files"}
[debug] [2026-09-11T13:00:29.656Z] [hosting][populate queue][FINAL] {"max":869,"min":869,"avg":869,"active":0,"complete":1,"success":1,"errored":0,"retried":0,"total":1,"elapsed":869}
[debug] [2026-09-11T13:00:29.656Z] [hosting] uploads queued: 0
[debug] [2026-09-11T13:00:29.656Z] [hosting][upload queue][FINAL] {"max":0,"min":9999999999,"avg":0,"active":0,"complete":0,"success":0,"errored":0,"retried":0,"total":0,"elapsed":1789131629656}
[info] i  hosting: upload complete 
[info] +  hosting[match-bb30c]: file upload complete 
[debug] [2026-09-11T13:00:29.656Z] [hosting] deploy completed after 950ms
[debug] [2026-09-11T13:00:29.656Z] [
  {
    "config": {
      "public": "dist",
      "ignore": [
        "firebase.json",
        "**/.*",
        "**/node_modules/**"
      ],
      "rewrites": [
        {
          "source": "/api/**",
          "function": {
            "functionId": "api",
            "region": "us-central1"
          }
        },
        {
          "source": "**",
          "destination": "/index.html"
        }
      ],
      "site": "match-bb30c"
    },
    "version": "projects/781816318930/sites/match-bb30c/versions/f163f1439e548b13"
  }
]
[info] i  hosting[match-bb30c]: finalizing version... 
[debug] [2026-09-11T13:00:29.657Z] Checked if tokens are valid: true, expires at: 1789135223729
[debug] [2026-09-11T13:00:29.657Z] Checked if tokens are valid: true, expires at: 1789135223729
[debug] [2026-09-11T13:00:29.658Z] >>> [apiv2][query] GET https://cloudfunctions.googleapis.com/v1/projects/match-bb30c/locations/-/functions [none]
[debug] [2026-09-11T13:00:30.576Z] <<< [apiv2][status] GET https://cloudfunctions.googleapis.com/v1/projects/match-bb30c/locations/-/functions 200
[debug] [2026-09-11T13:00:30.576Z] <<< [apiv2][body] GET https://cloudfunctions.googleapis.com/v1/projects/match-bb30c/locations/-/functions {}
[debug] [2026-09-11T13:00:30.576Z] Checked if tokens are valid: true, expires at: 1789135223729
[debug] [2026-09-11T13:00:30.576Z] Checked if tokens are valid: true, expires at: 1789135223729
[debug] [2026-09-11T13:00:30.577Z] >>> [apiv2][query] GET https://cloudfunctions.googleapis.com/v2/projects/match-bb30c/locations/-/functions filter=environment%3D%22GEN_2%22
[debug] [2026-09-11T13:00:32.214Z] <<< [apiv2][status] GET https://cloudfunctions.googleapis.com/v2/projects/match-bb30c/locations/-/functions 200
[debug] [2026-09-11T13:00:32.214Z] <<< [apiv2][body] GET https://cloudfunctions.googleapis.com/v2/projects/match-bb30c/locations/-/functions {}
[warn] !  hosting[match-bb30c]: Unable to find a valid endpoint for function `api`, but still including it in the config 
[debug] [2026-09-11T13:00:32.216Z] Checked if tokens are valid: true, expires at: 1789135223729
[debug] [2026-09-11T13:00:32.216Z] Checked if tokens are valid: true, expires at: 1789135223729
[debug] [2026-09-11T13:00:32.216Z] >>> [apiv2][query] PATCH https://firebasehosting.googleapis.com/v1beta1/projects/-/sites/match-bb30c/versions/f163f1439e548b13 updateMask=status%2Cconfig
[debug] [2026-09-11T13:00:32.216Z] >>> [apiv2][body] PATCH https://firebasehosting.googleapis.com/v1beta1/projects/-/sites/match-bb30c/versions/f163f1439e548b13 {"status":"FINALIZED","config":{"rewrites":[{"glob":"/api/**","function":"api","functionRegion":"us-central1"},{"glob":"**","path":"/index.html"}]}}
[debug] [2026-09-11T13:00:33.132Z] <<< [apiv2][status] PATCH https://firebasehosting.googleapis.com/v1beta1/projects/-/sites/match-bb30c/versions/f163f1439e548b13 200
[debug] [2026-09-11T13:00:33.133Z] <<< [apiv2][body] PATCH https://firebasehosting.googleapis.com/v1beta1/projects/-/sites/match-bb30c/versions/f163f1439e548b13 {"name":"projects/781816318930/sites/match-bb30c/versions/f163f1439e548b13","status":"FINALIZED","config":{"rewrites":[{"functionRegion":"us-central1","glob":"/api/**","function":"api"},{"glob":"**","path":"/index.html"}]},"labels":{"deployment-tool":"cli-firebase"},"createTime":"2026-09-11T13:00:33.531764Z","createUser":{"email":"phongdanai5555@gmail.com"},"finalizeTime":"2026-09-11T13:00:38.535879Z","finalizeUser":{"email":"phongdanai5555@gmail.com"}}
[debug] [2026-09-11T13:00:33.133Z] [hosting] finalized version for match-bb30c:[object Object]
[info] +  hosting[match-bb30c]: version finalized 
[info] i  hosting[match-bb30c]: releasing new version... 
[debug] [2026-09-11T13:00:33.133Z] Checked if tokens are valid: true, expires at: 1789135223729
[debug] [2026-09-11T13:00:33.133Z] Checked if tokens are valid: true, expires at: 1789135223729
[debug] [2026-09-11T13:00:33.133Z] >>> [apiv2][query] POST https://firebasehosting.googleapis.com/v1beta1/projects/-/sites/match-bb30c/channels/live/releases versionName=projects%2F781816318930%2Fsites%2Fmatch-bb30c%2Fversions%2Ff163f1439e548b13
[debug] [2026-09-11T13:00:33.134Z] >>> [apiv2][body] POST https://firebasehosting.googleapis.com/v1beta1/projects/-/sites/match-bb30c/channels/live/releases {}
[debug] [2026-09-11T13:00:34.026Z] <<< [apiv2][status] POST https://firebasehosting.googleapis.com/v1beta1/projects/-/sites/match-bb30c/channels/live/releases 200
[debug] [2026-09-11T13:02:44.376Z] ----------------------------------------------------------------------
[debug] [2026-09-11T13:02:44.379Z] Command:       C:\Program Files\nodejs\node.exe C:\Users\phong\AppData\Roaming\npm\node_modules\firebase-tools\lib\bin\firebase.js deploy --only hosting
[debug] [2026-09-11T13:02:44.379Z] CLI Version:   15.25.1
[debug] [2026-09-11T13:02:44.379Z] Platform:      win32
[debug] [2026-09-11T13:02:44.380Z] Node Version:  v22.20.0
[debug] [2026-09-11T13:02:44.380Z] Detected Agent: codex_cli
[debug] [2026-09-11T13:02:44.380Z] Time:          Fri Sep 11 2026 20:02:44 GMT+0700 (เวลาอินโดจีน)
[debug] [2026-09-11T13:02:44.381Z] ----------------------------------------------------------------------
[debug] 
[debug] [2026-09-11T13:02:45.471Z] > command requires scopes: ["email","openid","https://www.googleapis.com/auth/cloudplatformprojects.readonly","https://www.googleapis.com/auth/firebase","https://www.googleapis.com/auth/cloud-platform"]
[debug] [2026-09-11T13:02:45.472Z] > authorizing via signed-in user (phongdanai5555@gmail.com)
[debug] [2026-09-11T13:02:45.472Z] [iam] checking project match-bb30c for permissions ["firebase.projects.get","firebasehosting.sites.update"]
[debug] [2026-09-11T13:02:45.482Z] Checked if tokens are valid: true, expires at: 1789135223729
[debug] [2026-09-11T13:02:45.482Z] Checked if tokens are valid: true, expires at: 1789135223729
[debug] [2026-09-11T13:02:45.484Z] >>> [apiv2][query] POST https://cloudresourcemanager.googleapis.com/v1/projects/match-bb30c:testIamPermissions [none]
[debug] [2026-09-11T13:02:45.484Z] >>> [apiv2][(partial)header] POST https://cloudresourcemanager.googleapis.com/v1/projects/match-bb30c:testIamPermissions  x-goog-user-project=match-bb30c
[debug] [2026-09-11T13:02:45.484Z] >>> [apiv2][body] POST https://cloudresourcemanager.googleapis.com/v1/projects/match-bb30c:testIamPermissions {"permissions":["firebase.projects.get","firebasehosting.sites.update"]}
[debug] [2026-09-11T13:02:46.858Z] <<< [apiv2][status] POST https://cloudresourcemanager.googleapis.com/v1/projects/match-bb30c:testIamPermissions 200
[debug] [2026-09-11T13:02:46.859Z] <<< [apiv2][body] POST https://cloudresourcemanager.googleapis.com/v1/projects/match-bb30c:testIamPermissions {"permissions":["firebase.projects.get","firebasehosting.sites.update"]}
[debug] [2026-09-11T13:02:46.859Z] Checked if tokens are valid: true, expires at: 1789135223729
[debug] [2026-09-11T13:02:46.859Z] Checked if tokens are valid: true, expires at: 1789135223729
[debug] [2026-09-11T13:02:46.859Z] >>> [apiv2][query] GET https://firebase.googleapis.com/v1beta1/projects/match-bb30c [none]
[debug] [2026-09-11T13:02:47.293Z] <<< [apiv2][status] GET https://firebase.googleapis.com/v1beta1/projects/match-bb30c 200
[debug] [2026-09-11T13:02:47.293Z] <<< [apiv2][body] GET https://firebase.googleapis.com/v1beta1/projects/match-bb30c {"projectId":"match-bb30c","projectNumber":"781816318930","displayName":"match","name":"projects/match-bb30c","resources":{"hostingSite":"match-bb30c"},"state":"ACTIVE","labels":{"firebase":"enabled"},"etag":"1_e42c5cea-6269-4aaa-8b7a-1052cd41180e"}
[info] 
[info] === Deploying to 'match-bb30c'...
[info] 
[info] i  deploying hosting 
[debug] [2026-09-11T13:02:47.296Z] Checked if tokens are valid: true, expires at: 1789135223729
[debug] [2026-09-11T13:02:47.296Z] Checked if tokens are valid: true, expires at: 1789135223729
[debug] [2026-09-11T13:02:47.296Z] >>> [apiv2][query] GET https://firebasehosting.googleapis.com/v1beta1/projects/match-bb30c/sites/match-bb30c [none]
[debug] [2026-09-11T13:02:48.349Z] <<< [apiv2][status] GET https://firebasehosting.googleapis.com/v1beta1/projects/match-bb30c/sites/match-bb30c 200
[debug] [2026-09-11T13:02:48.349Z] <<< [apiv2][body] GET https://firebasehosting.googleapis.com/v1beta1/projects/match-bb30c/sites/match-bb30c {"name":"projects/match-bb30c/sites/match-bb30c","defaultUrl":"https://match-bb30c.web.app","type":"DEFAULT_SITE"}
[debug] [2026-09-11T13:02:48.351Z] Checked if tokens are valid: true, expires at: 1789135223729
[debug] [2026-09-11T13:02:48.351Z] Checked if tokens are valid: true, expires at: 1789135223729
[debug] [2026-09-11T13:02:48.351Z] >>> [apiv2][query] POST https://firebasehosting.googleapis.com/v1beta1/projects/-/sites/match-bb30c/versions [none]
[debug] [2026-09-11T13:02:48.351Z] >>> [apiv2][body] POST https://firebasehosting.googleapis.com/v1beta1/projects/-/sites/match-bb30c/versions {"status":"CREATED","labels":{"deployment-tool":"cli-firebase"}}
[debug] [2026-09-11T13:02:49.539Z] <<< [apiv2][status] POST https://firebasehosting.googleapis.com/v1beta1/projects/-/sites/match-bb30c/versions 200
[debug] [2026-09-11T13:02:49.539Z] <<< [apiv2][body] POST https://firebasehosting.googleapis.com/v1beta1/projects/-/sites/match-bb30c/versions {"name":"projects/781816318930/sites/match-bb30c/versions/dc6ec0edcbdac73e","status":"CREATED","config":{},"labels":{"deployment-tool":"cli-firebase"}}
[info] i  hosting[match-bb30c]: beginning deploy... 
[info] i  hosting[match-bb30c]: found 6 files in dist 
[debug] [2026-09-11T13:02:49.554Z] [hosting] uploading with 200 concurrency
[debug] [2026-09-11T13:02:49.629Z] Checked if tokens are valid: true, expires at: 1789135223729
[debug] [2026-09-11T13:02:49.629Z] Checked if tokens are valid: true, expires at: 1789135223729
[debug] [2026-09-11T13:02:49.630Z] [hosting] hash cache [ZGlzdA] stored for 6 files
[debug] [2026-09-11T13:02:49.630Z] [hosting][hash queue][FINAL] {"max":71,"min":4,"avg":15.666666666666666,"active":0,"complete":6,"success":6,"errored":0,"retried":0,"total":6,"elapsed":74}
[debug] [2026-09-11T13:02:49.630Z] >>> [apiv2][query] POST https://firebasehosting.googleapis.com/v1beta1/projects/781816318930/sites/match-bb30c/versions/dc6ec0edcbdac73e:populateFiles [none]
[debug] [2026-09-11T13:02:49.631Z] >>> [apiv2][body] POST https://firebasehosting.googleapis.com/v1beta1/projects/781816318930/sites/match-bb30c/versions/dc6ec0edcbdac73e:populateFiles {"files":{"/index.html":"0d7319213faf7cc2c27ecafe352c3ee9ddaf413809020b1f31d1d72b595ab144","/metadata.json":"59607d4abc28dbe25c04810f4160b1e785f320a28d51d4caf80c70367ec8b978","/favicon.ico":"3aa075641cdca4ab445cd3306616a835126e411730852ae3b366b2ec4a525acd","/assets/assets/i.6ed753e49a6a1cccbc78cf170742d336.png":"565ecedd47dfe0bd1e536b8df912ec80ecbc39404c106680275ba62a72bc2279","/assets/assets/logo.bad0fbd8f610b9d2b23c3995f03e2bdc.jpg":"91626ae9540becf24ca2c3cdcf3a66d18bdae30613dd5de1deec8cf93213d958","/_expo/static/js/web/index-2fb12a9cab81ce99066134700cc220db.js":"70ed8073c4f1092c0cfe864333cb320803a1d42a0e3469f76a2f7a0544f3bc0a"}}
[debug] [2026-09-11T13:02:50.488Z] <<< [apiv2][status] POST https://firebasehosting.googleapis.com/v1beta1/projects/781816318930/sites/match-bb30c/versions/dc6ec0edcbdac73e:populateFiles 200
[debug] [2026-09-11T13:02:50.488Z] <<< [apiv2][body] POST https://firebasehosting.googleapis.com/v1beta1/projects/781816318930/sites/match-bb30c/versions/dc6ec0edcbdac73e:populateFiles {"uploadRequiredHashes":["0d7319213faf7cc2c27ecafe352c3ee9ddaf413809020b1f31d1d72b595ab144","70ed8073c4f1092c0cfe864333cb320803a1d42a0e3469f76a2f7a0544f3bc0a"],"uploadUrl":"https://upload-firebasehosting.googleapis.com/upload/sites/match-bb30c/versions/dc6ec0edcbdac73e/files"}
[debug] [2026-09-11T13:02:50.489Z] Checked if tokens are valid: true, expires at: 1789135223729
[debug] [2026-09-11T13:02:50.489Z] Checked if tokens are valid: true, expires at: 1789135223729
[debug] [2026-09-11T13:02:50.490Z] Checked if tokens are valid: true, expires at: 1789135223729
[debug] [2026-09-11T13:02:50.490Z] Checked if tokens are valid: true, expires at: 1789135223729
[debug] [2026-09-11T13:02:50.490Z] >>> [apiv2][query] POST https://upload-firebasehosting.googleapis.com/upload/sites/match-bb30c/versions/dc6ec0edcbdac73e/files/0d7319213faf7cc2c27ecafe352c3ee9ddaf413809020b1f31d1d72b595ab144 [none]
[debug] [2026-09-11T13:02:50.490Z] >>> [apiv2][body] POST https://upload-firebasehosting.googleapis.com/upload/sites/match-bb30c/versions/dc6ec0edcbdac73e/files/0d7319213faf7cc2c27ecafe352c3ee9ddaf413809020b1f31d1d72b595ab144 [stream]
[debug] [2026-09-11T13:02:50.492Z] >>> [apiv2][query] POST https://upload-firebasehosting.googleapis.com/upload/sites/match-bb30c/versions/dc6ec0edcbdac73e/files/70ed8073c4f1092c0cfe864333cb320803a1d42a0e3469f76a2f7a0544f3bc0a [none]
[debug] [2026-09-11T13:02:50.492Z] >>> [apiv2][body] POST https://upload-firebasehosting.googleapis.com/upload/sites/match-bb30c/versions/dc6ec0edcbdac73e/files/70ed8073c4f1092c0cfe864333cb320803a1d42a0e3469f76a2f7a0544f3bc0a [stream]
[debug] [2026-09-11T13:02:50.494Z] [hosting][populate queue][FINAL] {"max":861,"min":861,"avg":861,"active":0,"complete":1,"success":1,"errored":0,"retried":0,"total":1,"elapsed":865}
[debug] [2026-09-11T13:02:50.494Z] [hosting] uploads queued: 2
[info] i  hosting: uploading new files [0/2] (0%) 
[debug] [2026-09-11T13:02:52.127Z] <<< [apiv2][status] POST https://upload-firebasehosting.googleapis.com/upload/sites/match-bb30c/versions/dc6ec0edcbdac73e/files/0d7319213faf7cc2c27ecafe352c3ee9ddaf413809020b1f31d1d72b595ab144 200
[debug] [2026-09-11T13:02:52.127Z] <<< [apiv2][body] POST https://upload-firebasehosting.googleapis.com/upload/sites/match-bb30c/versions/dc6ec0edcbdac73e/files/0d7319213faf7cc2c27ecafe352c3ee9ddaf413809020b1f31d1d72b595ab144 [stream]
[debug] [2026-09-11T13:02:52.132Z] <<< [apiv2][status] POST https://upload-firebasehosting.googleapis.com/upload/sites/match-bb30c/versions/dc6ec0edcbdac73e/files/70ed8073c4f1092c0cfe864333cb320803a1d42a0e3469f76a2f7a0544f3bc0a 200
[debug] [2026-09-11T13:02:52.132Z] <<< [apiv2][body] POST https://upload-firebasehosting.googleapis.com/upload/sites/match-bb30c/versions/dc6ec0edcbdac73e/files/70ed8073c4f1092c0cfe864333cb320803a1d42a0e3469f76a2f7a0544f3bc0a [stream]
[debug] [2026-09-11T13:02:52.132Z] [hosting][upload queue][FINAL] {"max":1643,"min":1638,"avg":1640.5,"active":0,"complete":2,"success":2,"errored":0,"retried":0,"total":2,"elapsed":1643}
[info] i  hosting: upload complete 
[info] +  hosting[match-bb30c]: file upload complete 
[debug] [2026-09-11T13:02:52.133Z] [hosting] deploy completed after 2591ms
[debug] [2026-09-11T13:02:52.133Z] [
  {
    "config": {
      "public": "dist",
      "ignore": [
        "firebase.json",
        "**/.*",
        "**/node_modules/**"
      ],
      "rewrites": [
        {
          "source": "/api/**",
          "function": {
            "functionId": "api",
            "region": "us-central1"
          }
        },
        {
          "source": "**",
          "destination": "/index.html"
        }
      ],
      "site": "match-bb30c"
    },
    "version": "projects/781816318930/sites/match-bb30c/versions/dc6ec0edcbdac73e"
  }
]
[info] i  hosting[match-bb30c]: finalizing version... 
[debug] [2026-09-11T13:02:52.134Z] Checked if tokens are valid: true, expires at: 1789135223729
[debug] [2026-09-11T13:02:52.134Z] Checked if tokens are valid: true, expires at: 1789135223729
[debug] [2026-09-11T13:02:52.135Z] >>> [apiv2][query] GET https://cloudfunctions.googleapis.com/v1/projects/match-bb30c/locations/-/functions [none]
[debug] [2026-09-11T13:02:52.955Z] <<< [apiv2][status] GET https://cloudfunctions.googleapis.com/v1/projects/match-bb30c/locations/-/functions 200
[debug] [2026-09-11T13:02:52.955Z] <<< [apiv2][body] GET https://cloudfunctions.googleapis.com/v1/projects/match-bb30c/locations/-/functions {}
[debug] [2026-09-11T13:02:52.955Z] Checked if tokens are valid: true, expires at: 1789135223729
[debug] [2026-09-11T13:02:52.955Z] Checked if tokens are valid: true, expires at: 1789135223729
[debug] [2026-09-11T13:02:52.956Z] >>> [apiv2][query] GET https://cloudfunctions.googleapis.com/v2/projects/match-bb30c/locations/-/functions filter=environment%3D%22GEN_2%22
[debug] [2026-09-11T13:02:54.635Z] <<< [apiv2][status] GET https://cloudfunctions.googleapis.com/v2/projects/match-bb30c/locations/-/functions 200
[debug] [2026-09-11T13:02:54.635Z] <<< [apiv2][body] GET https://cloudfunctions.googleapis.com/v2/projects/match-bb30c/locations/-/functions {}
[warn] !  hosting[match-bb30c]: Unable to find a valid endpoint for function `api`, but still including it in the config 
[debug] [2026-09-11T13:02:54.636Z] Checked if tokens are valid: true, expires at: 1789135223729
[debug] [2026-09-11T13:02:54.637Z] Checked if tokens are valid: true, expires at: 1789135223729
[debug] [2026-09-11T13:02:54.637Z] >>> [apiv2][query] PATCH https://firebasehosting.googleapis.com/v1beta1/projects/-/sites/match-bb30c/versions/dc6ec0edcbdac73e updateMask=status%2Cconfig
[debug] [2026-09-11T13:02:54.637Z] >>> [apiv2][body] PATCH https://firebasehosting.googleapis.com/v1beta1/projects/-/sites/match-bb30c/versions/dc6ec0edcbdac73e {"status":"FINALIZED","config":{"rewrites":[{"glob":"/api/**","function":"api","functionRegion":"us-central1"},{"glob":"**","path":"/index.html"}]}}
[debug] [2026-09-11T13:02:55.846Z] <<< [apiv2][status] PATCH https://firebasehosting.googleapis.com/v1beta1/projects/-/sites/match-bb30c/versions/dc6ec0edcbdac73e 200
[debug] [2026-09-11T13:02:55.846Z] <<< [apiv2][body] PATCH https://firebasehosting.googleapis.com/v1beta1/projects/-/sites/match-bb30c/versions/dc6ec0edcbdac73e {"name":"projects/781816318930/sites/match-bb30c/versions/dc6ec0edcbdac73e","status":"FINALIZED","config":{"rewrites":[{"functionRegion":"us-central1","glob":"/api/**","function":"api"},{"glob":"**","path":"/index.html"}]},"labels":{"deployment-tool":"cli-firebase"},"createTime":"2026-09-11T13:02:54.395292Z","createUser":{"email":"phongdanai5555@gmail.com"},"finalizeTime":"2026-09-11T13:03:01.219749Z","finalizeUser":{"email":"phongdanai5555@gmail.com"}}
[debug] [2026-09-11T13:02:55.846Z] [hosting] finalized version for match-bb30c:[object Object]
[info] +  hosting[match-bb30c]: version finalized 
[info] i  hosting[match-bb30c]: releasing new version... 
[debug] [2026-09-11T13:02:55.847Z] Checked if tokens are valid: true, expires at: 1789135223729
[debug] [2026-09-11T13:02:55.847Z] Checked if tokens are valid: true, expires at: 1789135223729
[debug] [2026-09-11T13:02:55.847Z] >>> [apiv2][query] POST https://firebasehosting.googleapis.com/v1beta1/projects/-/sites/match-bb30c/channels/live/releases versionName=projects%2F781816318930%2Fsites%2Fmatch-bb30c%2Fversions%2Fdc6ec0edcbdac73e
[debug] [2026-09-11T13:02:55.847Z] >>> [apiv2][body] POST https://firebasehosting.googleapis.com/v1beta1/projects/-/sites/match-bb30c/channels/live/releases {}
[debug] [2026-09-11T13:02:56.716Z] <<< [apiv2][status] POST https://firebasehosting.googleapis.com/v1beta1/projects/-/sites/match-bb30c/channels/live/releases 200
[debug] [2026-09-21T04:57:50.212Z] ----------------------------------------------------------------------
[debug] [2026-09-21T04:57:50.215Z] Command:       C:\Program Files\nodejs\node.exe C:\Users\phong\AppData\Roaming\npm\node_modules\firebase-tools\lib\bin\firebase.js deploy --only hosting
[debug] [2026-09-21T04:57:50.215Z] CLI Version:   15.25.1
[debug] [2026-09-21T04:57:50.215Z] Platform:      win32
[debug] [2026-09-21T04:57:50.216Z] Node Version:  v22.20.0
[debug] [2026-09-21T04:57:50.216Z] Detected Agent: codex_cli
[debug] [2026-09-21T04:57:50.216Z] Time:          Mon Sep 21 2026 11:57:50 GMT+0700 (เวลาอินโดจีน)
[debug] [2026-09-21T04:57:50.216Z] ----------------------------------------------------------------------
[debug] 
[debug] [2026-09-21T04:57:50.227Z] >>> [apiv2][query] GET https://firebase-public.firebaseio.com/cli.json [none]
[debug] [2026-09-21T04:58:10.214Z] > command requires scopes: ["email","openid","https://www.googleapis.com/auth/cloudplatformprojects.readonly","https://www.googleapis.com/auth/firebase","https://www.googleapis.com/auth/cloud-platform"]
[debug] [2026-09-21T04:58:10.215Z] > authorizing via signed-in user (phongdanai5555@gmail.com)
[debug] [2026-09-21T04:58:10.215Z] [iam] checking project match-bb30c for permissions ["firebase.projects.get","firebasehosting.sites.update"]
[debug] [2026-09-21T04:58:10.216Z] Checked if tokens are valid: false, expires at: 1789135223729
[debug] [2026-09-21T04:58:10.216Z] Checked if tokens are valid: false, expires at: 1789135223729
[debug] [2026-09-21T04:58:10.216Z] > refreshing access token with scopes: []
[debug] [2026-09-21T04:58:10.218Z] >>> [apiv2][query] POST https://www.googleapis.com/oauth2/v3/token [none]
[debug] [2026-09-21T04:58:10.218Z] >>> [apiv2][body] POST https://www.googleapis.com/oauth2/v3/token [omitted]
[debug] [2026-09-21T04:58:10.388Z] <<< [apiv2][status] POST https://www.googleapis.com/oauth2/v3/token 200
[debug] [2026-09-21T04:58:10.388Z] <<< [apiv2][body] POST https://www.googleapis.com/oauth2/v3/token [omitted]
[debug] [2026-09-21T04:58:10.401Z] >>> [apiv2][query] POST https://cloudresourcemanager.googleapis.com/v1/projects/match-bb30c:testIamPermissions [none]
[debug] [2026-09-21T04:58:10.401Z] >>> [apiv2][(partial)header] POST https://cloudresourcemanager.googleapis.com/v1/projects/match-bb30c:testIamPermissions  x-goog-user-project=match-bb30c
[debug] [2026-09-21T04:58:10.401Z] >>> [apiv2][body] POST https://cloudresourcemanager.googleapis.com/v1/projects/match-bb30c:testIamPermissions {"permissions":["firebase.projects.get","firebasehosting.sites.update"]}
[debug] [2026-09-21T04:58:10.769Z] <<< [apiv2][status] GET https://firebase-public.firebaseio.com/cli.json 200
[debug] [2026-09-21T04:58:10.769Z] <<< [apiv2][body] GET https://firebase-public.firebaseio.com/cli.json {"cloudBuildErrorAfter":1594252800000,"cloudBuildWarnAfter":1590019200000,"defaultNode10After":1594252800000,"minVersion":"3.0.5","node8DeploysDisabledAfter":1613390400000,"node8RuntimeDisabledAfter":1615809600000,"node8WarnAfter":1600128000000}
[debug] [2026-09-21T04:58:11.594Z] <<< [apiv2][status] POST https://cloudresourcemanager.googleapis.com/v1/projects/match-bb30c:testIamPermissions 200
[debug] [2026-09-21T04:58:11.594Z] <<< [apiv2][body] POST https://cloudresourcemanager.googleapis.com/v1/projects/match-bb30c:testIamPermissions {"permissions":["firebase.projects.get","firebasehosting.sites.update"]}
[debug] [2026-09-21T04:58:11.595Z] Checked if tokens are valid: true, expires at: 1789970289388
[debug] [2026-09-21T04:58:11.595Z] Checked if tokens are valid: true, expires at: 1789970289388
[debug] [2026-09-21T04:58:11.595Z] >>> [apiv2][query] GET https://firebase.googleapis.com/v1beta1/projects/match-bb30c [none]
[debug] [2026-09-21T04:58:12.058Z] <<< [apiv2][status] GET https://firebase.googleapis.com/v1beta1/projects/match-bb30c 200
[debug] [2026-09-21T04:58:12.058Z] <<< [apiv2][body] GET https://firebase.googleapis.com/v1beta1/projects/match-bb30c {"projectId":"match-bb30c","projectNumber":"781816318930","displayName":"match","name":"projects/match-bb30c","resources":{"hostingSite":"match-bb30c"},"state":"ACTIVE","labels":{"firebase":"enabled"},"etag":"1_e42c5cea-6269-4aaa-8b7a-1052cd41180e"}
[info] 
[info] === Deploying to 'match-bb30c'...
[info] 
[info] i  deploying hosting 
[debug] [2026-09-21T04:58:12.064Z] Checked if tokens are valid: true, expires at: 1789970289388
[debug] [2026-09-21T04:58:12.064Z] Checked if tokens are valid: true, expires at: 1789970289388
[debug] [2026-09-21T04:58:12.065Z] >>> [apiv2][query] GET https://firebasehosting.googleapis.com/v1beta1/projects/match-bb30c/sites/match-bb30c [none]
[debug] [2026-09-21T04:58:13.003Z] <<< [apiv2][status] GET https://firebasehosting.googleapis.com/v1beta1/projects/match-bb30c/sites/match-bb30c 200
[debug] [2026-09-21T04:58:13.004Z] <<< [apiv2][body] GET https://firebasehosting.googleapis.com/v1beta1/projects/match-bb30c/sites/match-bb30c {"name":"projects/match-bb30c/sites/match-bb30c","defaultUrl":"https://match-bb30c.web.app","type":"DEFAULT_SITE"}
[debug] [2026-09-21T04:58:13.005Z] Checked if tokens are valid: true, expires at: 1789970289388
[debug] [2026-09-21T04:58:13.005Z] Checked if tokens are valid: true, expires at: 1789970289388
[debug] [2026-09-21T04:58:13.005Z] >>> [apiv2][query] POST https://firebasehosting.googleapis.com/v1beta1/projects/-/sites/match-bb30c/versions [none]
[debug] [2026-09-21T04:58:13.005Z] >>> [apiv2][body] POST https://firebasehosting.googleapis.com/v1beta1/projects/-/sites/match-bb30c/versions {"status":"CREATED","labels":{"deployment-tool":"cli-firebase"}}
[debug] [2026-09-21T04:58:14.016Z] <<< [apiv2][status] POST https://firebasehosting.googleapis.com/v1beta1/projects/-/sites/match-bb30c/versions 200
[debug] [2026-09-21T04:58:14.016Z] <<< [apiv2][body] POST https://firebasehosting.googleapis.com/v1beta1/projects/-/sites/match-bb30c/versions {"name":"projects/781816318930/sites/match-bb30c/versions/4d42f6a18372ca25","status":"CREATED","config":{},"labels":{"deployment-tool":"cli-firebase"}}
[info] i  hosting[match-bb30c]: beginning deploy... 
[info] i  hosting[match-bb30c]: found 6 files in dist 
[debug] [2026-09-21T04:58:14.029Z] [hosting] uploading with 200 concurrency
[debug] [2026-09-21T04:58:14.103Z] Checked if tokens are valid: true, expires at: 1789970289388
[debug] [2026-09-21T04:58:14.103Z] Checked if tokens are valid: true, expires at: 1789970289388
[debug] [2026-09-21T04:58:14.104Z] [hosting] hash cache [ZGlzdA] stored for 6 files
[debug] [2026-09-21T04:58:14.104Z] [hosting][hash queue][FINAL] {"max":69,"min":4,"avg":15.5,"active":0,"complete":6,"success":6,"errored":0,"retried":0,"total":6,"elapsed":72}
[debug] [2026-09-21T04:58:14.105Z] >>> [apiv2][query] POST https://firebasehosting.googleapis.com/v1beta1/projects/781816318930/sites/match-bb30c/versions/4d42f6a18372ca25:populateFiles [none]
[debug] [2026-09-21T04:58:14.105Z] >>> [apiv2][body] POST https://firebasehosting.googleapis.com/v1beta1/projects/781816318930/sites/match-bb30c/versions/4d42f6a18372ca25:populateFiles {"files":{"/metadata.json":"59607d4abc28dbe25c04810f4160b1e785f320a28d51d4caf80c70367ec8b978","/index.html":"34a8f29819b573b37b87dd63cc22ac258bcb268290dbcf0bdbfe70d28f7b9e46","/favicon.ico":"3aa075641cdca4ab445cd3306616a835126e411730852ae3b366b2ec4a525acd","/assets/assets/i.6ed753e49a6a1cccbc78cf170742d336.png":"565ecedd47dfe0bd1e536b8df912ec80ecbc39404c106680275ba62a72bc2279","/assets/assets/logo.bad0fbd8f610b9d2b23c3995f03e2bdc.jpg":"91626ae9540becf24ca2c3cdcf3a66d18bdae30613dd5de1deec8cf93213d958","/_expo/static/js/web/index-7cede28704379a5e02583b4cb106cfa1.js":"5db797f5ea170c515b9741bb399b13a1f7e4f947ecd14906a670c4a9cfc815f1"}}
[debug] [2026-09-21T04:58:14.788Z] <<< [apiv2][status] POST https://firebasehosting.googleapis.com/v1beta1/projects/781816318930/sites/match-bb30c/versions/4d42f6a18372ca25:populateFiles 200
[debug] [2026-09-21T04:58:14.788Z] <<< [apiv2][body] POST https://firebasehosting.googleapis.com/v1beta1/projects/781816318930/sites/match-bb30c/versions/4d42f6a18372ca25:populateFiles {"uploadRequiredHashes":["5db797f5ea170c515b9741bb399b13a1f7e4f947ecd14906a670c4a9cfc815f1","34a8f29819b573b37b87dd63cc22ac258bcb268290dbcf0bdbfe70d28f7b9e46"],"uploadUrl":"https://upload-firebasehosting.googleapis.com/upload/sites/match-bb30c/versions/4d42f6a18372ca25/files"}
[debug] [2026-09-21T04:58:14.788Z] Checked if tokens are valid: true, expires at: 1789970289388
[debug] [2026-09-21T04:58:14.788Z] Checked if tokens are valid: true, expires at: 1789970289388
[debug] [2026-09-21T04:58:14.789Z] Checked if tokens are valid: true, expires at: 1789970289388
[debug] [2026-09-21T04:58:14.789Z] Checked if tokens are valid: true, expires at: 1789970289388
[debug] [2026-09-21T04:58:14.789Z] >>> [apiv2][query] POST https://upload-firebasehosting.googleapis.com/upload/sites/match-bb30c/versions/4d42f6a18372ca25/files/5db797f5ea170c515b9741bb399b13a1f7e4f947ecd14906a670c4a9cfc815f1 [none]
[debug] [2026-09-21T04:58:14.789Z] >>> [apiv2][body] POST https://upload-firebasehosting.googleapis.com/upload/sites/match-bb30c/versions/4d42f6a18372ca25/files/5db797f5ea170c515b9741bb399b13a1f7e4f947ecd14906a670c4a9cfc815f1 [stream]
[debug] [2026-09-21T04:58:14.790Z] >>> [apiv2][query] POST https://upload-firebasehosting.googleapis.com/upload/sites/match-bb30c/versions/4d42f6a18372ca25/files/34a8f29819b573b37b87dd63cc22ac258bcb268290dbcf0bdbfe70d28f7b9e46 [none]
[debug] [2026-09-21T04:58:14.791Z] >>> [apiv2][body] POST https://upload-firebasehosting.googleapis.com/upload/sites/match-bb30c/versions/4d42f6a18372ca25/files/34a8f29819b573b37b87dd63cc22ac258bcb268290dbcf0bdbfe70d28f7b9e46 [stream]
[debug] [2026-09-21T04:58:14.793Z] [hosting][populate queue][FINAL] {"max":686,"min":686,"avg":686,"active":0,"complete":1,"success":1,"errored":0,"retried":0,"total":1,"elapsed":690}
[debug] [2026-09-21T04:58:14.793Z] [hosting] uploads queued: 2
[info] i  hosting: uploading new files [0/2] (0%) 
[debug] [2026-09-21T04:58:16.453Z] <<< [apiv2][status] POST https://upload-firebasehosting.googleapis.com/upload/sites/match-bb30c/versions/4d42f6a18372ca25/files/5db797f5ea170c515b9741bb399b13a1f7e4f947ecd14906a670c4a9cfc815f1 200
[debug] [2026-09-21T04:58:16.453Z] <<< [apiv2][body] POST https://upload-firebasehosting.googleapis.com/upload/sites/match-bb30c/versions/4d42f6a18372ca25/files/5db797f5ea170c515b9741bb399b13a1f7e4f947ecd14906a670c4a9cfc815f1 [stream]
[debug] [2026-09-21T04:58:16.462Z] <<< [apiv2][status] POST https://upload-firebasehosting.googleapis.com/upload/sites/match-bb30c/versions/4d42f6a18372ca25/files/34a8f29819b573b37b87dd63cc22ac258bcb268290dbcf0bdbfe70d28f7b9e46 200
[debug] [2026-09-21T04:58:16.462Z] <<< [apiv2][body] POST https://upload-firebasehosting.googleapis.com/upload/sites/match-bb30c/versions/4d42f6a18372ca25/files/34a8f29819b573b37b87dd63cc22ac258bcb268290dbcf0bdbfe70d28f7b9e46 [stream]
[debug] [2026-09-21T04:58:16.462Z] [hosting][upload queue][FINAL] {"max":1674,"min":1665,"avg":1669.5,"active":0,"complete":2,"success":2,"errored":0,"retried":0,"total":2,"elapsed":1674}
[info] i  hosting: upload complete 
[info] +  hosting[match-bb30c]: file upload complete 
[debug] [2026-09-21T04:58:16.462Z] [hosting] deploy completed after 2443ms
[debug] [2026-09-21T04:58:16.463Z] [
  {
    "config": {
      "public": "dist",
      "ignore": [
        "firebase.json",
        "**/.*",
        "**/node_modules/**"
      ],
      "rewrites": [
        {
          "source": "/api/**",
          "function": {
            "functionId": "api",
            "region": "us-central1"
          }
        },
        {
          "source": "**",
          "destination": "/index.html"
        }
      ],
      "site": "match-bb30c"
    },
    "version": "projects/781816318930/sites/match-bb30c/versions/4d42f6a18372ca25"
  }
]
[info] i  hosting[match-bb30c]: finalizing version... 
[debug] [2026-09-21T04:58:16.464Z] Checked if tokens are valid: true, expires at: 1789970289388
[debug] [2026-09-21T04:58:16.464Z] Checked if tokens are valid: true, expires at: 1789970289388
[debug] [2026-09-21T04:58:16.464Z] >>> [apiv2][query] GET https://cloudfunctions.googleapis.com/v1/projects/match-bb30c/locations/-/functions [none]
[debug] [2026-09-21T04:58:17.253Z] <<< [apiv2][status] GET https://cloudfunctions.googleapis.com/v1/projects/match-bb30c/locations/-/functions 200
[debug] [2026-09-21T04:58:17.253Z] <<< [apiv2][body] GET https://cloudfunctions.googleapis.com/v1/projects/match-bb30c/locations/-/functions {}
[debug] [2026-09-21T04:58:17.253Z] Checked if tokens are valid: true, expires at: 1789970289388
[debug] [2026-09-21T04:58:17.253Z] Checked if tokens are valid: true, expires at: 1789970289388
[debug] [2026-09-21T04:58:17.254Z] >>> [apiv2][query] GET https://cloudfunctions.googleapis.com/v2/projects/match-bb30c/locations/-/functions filter=environment%3D%22GEN_2%22
[debug] [2026-09-21T04:58:18.823Z] <<< [apiv2][status] GET https://cloudfunctions.googleapis.com/v2/projects/match-bb30c/locations/-/functions 200
[debug] [2026-09-21T04:58:18.823Z] <<< [apiv2][body] GET https://cloudfunctions.googleapis.com/v2/projects/match-bb30c/locations/-/functions {}
[warn] !  hosting[match-bb30c]: Unable to find a valid endpoint for function `api`, but still including it in the config 
[debug] [2026-09-21T04:58:18.824Z] Checked if tokens are valid: true, expires at: 1789970289388
[debug] [2026-09-21T04:58:18.824Z] Checked if tokens are valid: true, expires at: 1789970289388
[debug] [2026-09-21T04:58:18.825Z] >>> [apiv2][query] PATCH https://firebasehosting.googleapis.com/v1beta1/projects/-/sites/match-bb30c/versions/4d42f6a18372ca25 updateMask=status%2Cconfig
[debug] [2026-09-21T04:58:18.825Z] >>> [apiv2][body] PATCH https://firebasehosting.googleapis.com/v1beta1/projects/-/sites/match-bb30c/versions/4d42f6a18372ca25 {"status":"FINALIZED","config":{"rewrites":[{"glob":"/api/**","function":"api","functionRegion":"us-central1"},{"glob":"**","path":"/index.html"}]}}
[debug] [2026-09-21T04:58:18.418Z] ----------------------------------------------------------------------
[debug] [2026-09-21T04:58:18.421Z] Command:       C:\Program Files\nodejs\node.exe C:\Users\phong\AppData\Roaming\npm\node_modules\firebase-tools\lib\bin\firebase.js deploy --only hosting
[debug] [2026-09-21T04:58:18.421Z] CLI Version:   15.25.1
[debug] [2026-09-21T04:58:18.421Z] Platform:      win32
[debug] [2026-09-21T04:58:18.422Z] Node Version:  v22.20.0
[debug] [2026-09-21T04:58:18.422Z] Detected Agent: codex_cli
[debug] [2026-09-21T04:58:18.422Z] Time:          Mon Sep 21 2026 11:58:18 GMT+0700 (เวลาอินโดจีน)
[debug] [2026-09-21T04:58:18.422Z] ----------------------------------------------------------------------
[debug] 
[debug] [2026-09-21T04:58:19.696Z] > command requires scopes: ["email","openid","https://www.googleapis.com/auth/cloudplatformprojects.readonly","https://www.googleapis.com/auth/firebase","https://www.googleapis.com/auth/cloud-platform"]
[debug] [2026-09-21T04:58:19.696Z] > authorizing via signed-in user (phongdanai5555@gmail.com)
[debug] [2026-09-21T04:58:19.696Z] [iam] checking project match-bb30c for permissions ["firebase.projects.get","firebasehosting.sites.update"]
[debug] [2026-09-21T04:58:19.705Z] Checked if tokens are valid: true, expires at: 1789970289388
[debug] [2026-09-21T04:58:19.705Z] Checked if tokens are valid: true, expires at: 1789970289388
[debug] [2026-09-21T04:58:19.706Z] >>> [apiv2][query] POST https://cloudresourcemanager.googleapis.com/v1/projects/match-bb30c:testIamPermissions [none]
[debug] [2026-09-21T04:58:19.707Z] >>> [apiv2][(partial)header] POST https://cloudresourcemanager.googleapis.com/v1/projects/match-bb30c:testIamPermissions  x-goog-user-project=match-bb30c
[debug] [2026-09-21T04:58:19.707Z] >>> [apiv2][body] POST https://cloudresourcemanager.googleapis.com/v1/projects/match-bb30c:testIamPermissions {"permissions":["firebase.projects.get","firebasehosting.sites.update"]}
[debug] [2026-09-21T04:58:19.931Z] <<< [apiv2][status] PATCH https://firebasehosting.googleapis.com/v1beta1/projects/-/sites/match-bb30c/versions/4d42f6a18372ca25 200
[debug] [2026-09-21T04:58:19.931Z] <<< [apiv2][body] PATCH https://firebasehosting.googleapis.com/v1beta1/projects/-/sites/match-bb30c/versions/4d42f6a18372ca25 {"name":"projects/781816318930/sites/match-bb30c/versions/4d42f6a18372ca25","status":"FINALIZED","config":{"rewrites":[{"functionRegion":"us-central1","glob":"/api/**","function":"api"},{"glob":"**","path":"/index.html"}]},"labels":{"deployment-tool":"cli-firebase"},"createTime":"2026-09-21T04:58:20.670996Z","createUser":{"email":"phongdanai5555@gmail.com"},"finalizeTime":"2026-09-21T04:58:27.059574Z","finalizeUser":{"email":"phongdanai5555@gmail.com"}}
[debug] [2026-09-21T04:58:19.931Z] [hosting] finalized version for match-bb30c:[object Object]
[info] +  hosting[match-bb30c]: version finalized 
[info] i  hosting[match-bb30c]: releasing new version... 
[debug] [2026-09-21T04:58:19.932Z] Checked if tokens are valid: true, expires at: 1789970289388
[debug] [2026-09-21T04:58:19.932Z] Checked if tokens are valid: true, expires at: 1789970289388
[debug] [2026-09-21T04:58:19.932Z] >>> [apiv2][query] POST https://firebasehosting.googleapis.com/v1beta1/projects/-/sites/match-bb30c/channels/live/releases versionName=projects%2F781816318930%2Fsites%2Fmatch-bb30c%2Fversions%2F4d42f6a18372ca25
[debug] [2026-09-21T04:58:19.932Z] >>> [apiv2][body] POST https://firebasehosting.googleapis.com/v1beta1/projects/-/sites/match-bb30c/channels/live/releases {}
[debug] [2026-09-21T04:58:20.657Z] <<< [apiv2][status] POST https://firebasehosting.googleapis.com/v1beta1/projects/-/sites/match-bb30c/channels/live/releases 200
[debug] [2026-09-21T04:58:20.968Z] <<< [apiv2][status] POST https://cloudresourcemanager.googleapis.com/v1/projects/match-bb30c:testIamPermissions 200
[debug] [2026-09-21T04:58:20.968Z] <<< [apiv2][body] POST https://cloudresourcemanager.googleapis.com/v1/projects/match-bb30c:testIamPermissions {"permissions":["firebase.projects.get","firebasehosting.sites.update"]}
[debug] [2026-09-21T04:58:20.969Z] Checked if tokens are valid: true, expires at: 1789970289388
[debug] [2026-09-21T04:58:20.969Z] Checked if tokens are valid: true, expires at: 1789970289388
[debug] [2026-09-21T04:58:20.969Z] >>> [apiv2][query] GET https://firebase.googleapis.com/v1beta1/projects/match-bb30c [none]
[debug] [2026-09-21T04:58:21.398Z] <<< [apiv2][status] GET https://firebase.googleapis.com/v1beta1/projects/match-bb30c 200
[debug] [2026-09-21T04:58:21.398Z] <<< [apiv2][body] GET https://firebase.googleapis.com/v1beta1/projects/match-bb30c {"projectId":"match-bb30c","projectNumber":"781816318930","displayName":"match","name":"projects/match-bb30c","resources":{"hostingSite":"match-bb30c"},"state":"ACTIVE","labels":{"firebase":"enabled"},"etag":"1_e42c5cea-6269-4aaa-8b7a-1052cd41180e"}
[info] 
[info] === Deploying to 'match-bb30c'...
[info] 
[info] i  deploying hosting 
[debug] [2026-09-21T04:58:21.402Z] Checked if tokens are valid: true, expires at: 1789970289388
[debug] [2026-09-21T04:58:21.402Z] Checked if tokens are valid: true, expires at: 1789970289388
[debug] [2026-09-21T04:58:21.402Z] >>> [apiv2][query] GET https://firebasehosting.googleapis.com/v1beta1/projects/match-bb30c/sites/match-bb30c [none]
[debug] [2026-09-21T04:58:22.375Z] <<< [apiv2][status] GET https://firebasehosting.googleapis.com/v1beta1/projects/match-bb30c/sites/match-bb30c 200
[debug] [2026-09-21T04:58:22.376Z] <<< [apiv2][body] GET https://firebasehosting.googleapis.com/v1beta1/projects/match-bb30c/sites/match-bb30c {"name":"projects/match-bb30c/sites/match-bb30c","defaultUrl":"https://match-bb30c.web.app","type":"DEFAULT_SITE"}
[debug] [2026-09-21T04:58:22.377Z] Checked if tokens are valid: true, expires at: 1789970289388
[debug] [2026-09-21T04:58:22.377Z] Checked if tokens are valid: true, expires at: 1789970289388
[debug] [2026-09-21T04:58:22.377Z] >>> [apiv2][query] POST https://firebasehosting.googleapis.com/v1beta1/projects/-/sites/match-bb30c/versions [none]
[debug] [2026-09-21T04:58:22.377Z] >>> [apiv2][body] POST https://firebasehosting.googleapis.com/v1beta1/projects/-/sites/match-bb30c/versions {"status":"CREATED","labels":{"deployment-tool":"cli-firebase"}}
[debug] [2026-09-21T04:58:23.328Z] <<< [apiv2][status] POST https://firebasehosting.googleapis.com/v1beta1/projects/-/sites/match-bb30c/versions 200
[debug] [2026-09-21T04:58:23.328Z] <<< [apiv2][body] POST https://firebasehosting.googleapis.com/v1beta1/projects/-/sites/match-bb30c/versions {"name":"projects/781816318930/sites/match-bb30c/versions/2c1271f4482494c9","status":"CREATED","config":{},"labels":{"deployment-tool":"cli-firebase"}}
[info] i  hosting[match-bb30c]: beginning deploy... 
[info] i  hosting[match-bb30c]: found 6 files in dist 
[debug] [2026-09-21T04:58:23.340Z] [hosting] uploading with 200 concurrency
[debug] [2026-09-21T04:58:23.344Z] Checked if tokens are valid: true, expires at: 1789970289388
[debug] [2026-09-21T04:58:23.345Z] Checked if tokens are valid: true, expires at: 1789970289388
[debug] [2026-09-21T04:58:23.346Z] [hosting] hash cache [ZGlzdA] stored for 6 files
[debug] [2026-09-21T04:58:23.346Z] [hosting][hash queue][FINAL] {"max":1,"min":0,"avg":0,"active":0,"complete":6,"success":6,"errored":0,"retried":0,"total":6,"elapsed":3}
[debug] [2026-09-21T04:58:23.347Z] >>> [apiv2][query] POST https://firebasehosting.googleapis.com/v1beta1/projects/781816318930/sites/match-bb30c/versions/2c1271f4482494c9:populateFiles [none]
[debug] [2026-09-21T04:58:23.347Z] >>> [apiv2][body] POST https://firebasehosting.googleapis.com/v1beta1/projects/781816318930/sites/match-bb30c/versions/2c1271f4482494c9:populateFiles {"files":{"/metadata.json":"59607d4abc28dbe25c04810f4160b1e785f320a28d51d4caf80c70367ec8b978","/index.html":"34a8f29819b573b37b87dd63cc22ac258bcb268290dbcf0bdbfe70d28f7b9e46","/favicon.ico":"3aa075641cdca4ab445cd3306616a835126e411730852ae3b366b2ec4a525acd","/_expo/static/js/web/index-7cede28704379a5e02583b4cb106cfa1.js":"5db797f5ea170c515b9741bb399b13a1f7e4f947ecd14906a670c4a9cfc815f1","/assets/assets/logo.bad0fbd8f610b9d2b23c3995f03e2bdc.jpg":"91626ae9540becf24ca2c3cdcf3a66d18bdae30613dd5de1deec8cf93213d958","/assets/assets/i.6ed753e49a6a1cccbc78cf170742d336.png":"565ecedd47dfe0bd1e536b8df912ec80ecbc39404c106680275ba62a72bc2279"}}
[debug] [2026-09-21T04:58:23.976Z] <<< [apiv2][status] POST https://firebasehosting.googleapis.com/v1beta1/projects/781816318930/sites/match-bb30c/versions/2c1271f4482494c9:populateFiles 200
[debug] [2026-09-21T04:58:23.977Z] <<< [apiv2][body] POST https://firebasehosting.googleapis.com/v1beta1/projects/781816318930/sites/match-bb30c/versions/2c1271f4482494c9:populateFiles {"uploadUrl":"https://upload-firebasehosting.googleapis.com/upload/sites/match-bb30c/versions/2c1271f4482494c9/files"}
[debug] [2026-09-21T04:58:23.977Z] [hosting][populate queue][FINAL] {"max":633,"min":633,"avg":633,"active":0,"complete":1,"success":1,"errored":0,"retried":0,"total":1,"elapsed":633}
[debug] [2026-09-21T04:58:23.977Z] [hosting] uploads queued: 0
[debug] [2026-09-21T04:58:23.977Z] [hosting][upload queue][FINAL] {"max":0,"min":9999999999,"avg":0,"active":0,"complete":0,"success":0,"errored":0,"retried":0,"total":0,"elapsed":1789966703977}
[info] i  hosting: upload complete 
[info] +  hosting[match-bb30c]: file upload complete 
[debug] [2026-09-21T04:58:23.977Z] [hosting] deploy completed after 646ms
[debug] [2026-09-21T04:58:23.978Z] [
  {
    "config": {
      "public": "dist",
      "ignore": [
        "firebase.json",
        "**/.*",
        "**/node_modules/**"
      ],
      "rewrites": [
        {
          "source": "/api/**",
          "function": {
            "functionId": "api",
            "region": "us-central1"
          }
        },
        {
          "source": "**",
          "destination": "/index.html"
        }
      ],
      "site": "match-bb30c"
    },
    "version": "projects/781816318930/sites/match-bb30c/versions/2c1271f4482494c9"
  }
]
[info] i  hosting[match-bb30c]: finalizing version... 
[debug] [2026-09-21T04:58:23.979Z] Checked if tokens are valid: true, expires at: 1789970289388
[debug] [2026-09-21T04:58:23.979Z] Checked if tokens are valid: true, expires at: 1789970289388
[debug] [2026-09-21T04:58:23.979Z] >>> [apiv2][query] GET https://cloudfunctions.googleapis.com/v1/projects/match-bb30c/locations/-/functions [none]
[debug] [2026-09-21T04:58:24.804Z] <<< [apiv2][status] GET https://cloudfunctions.googleapis.com/v1/projects/match-bb30c/locations/-/functions 200
[debug] [2026-09-21T04:58:24.804Z] <<< [apiv2][body] GET https://cloudfunctions.googleapis.com/v1/projects/match-bb30c/locations/-/functions {}
[debug] [2026-09-21T04:58:24.804Z] Checked if tokens are valid: true, expires at: 1789970289388
[debug] [2026-09-21T04:58:24.804Z] Checked if tokens are valid: true, expires at: 1789970289388
[debug] [2026-09-21T04:58:24.805Z] >>> [apiv2][query] GET https://cloudfunctions.googleapis.com/v2/projects/match-bb30c/locations/-/functions filter=environment%3D%22GEN_2%22
[debug] [2026-09-21T04:58:26.440Z] <<< [apiv2][status] GET https://cloudfunctions.googleapis.com/v2/projects/match-bb30c/locations/-/functions 200
[debug] [2026-09-21T04:58:26.440Z] <<< [apiv2][body] GET https://cloudfunctions.googleapis.com/v2/projects/match-bb30c/locations/-/functions {}
[warn] !  hosting[match-bb30c]: Unable to find a valid endpoint for function `api`, but still including it in the config 
[debug] [2026-09-21T04:58:26.442Z] Checked if tokens are valid: true, expires at: 1789970289388
[debug] [2026-09-21T04:58:26.442Z] Checked if tokens are valid: true, expires at: 1789970289388
[debug] [2026-09-21T04:58:26.442Z] >>> [apiv2][query] PATCH https://firebasehosting.googleapis.com/v1beta1/projects/-/sites/match-bb30c/versions/2c1271f4482494c9 updateMask=status%2Cconfig
[debug] [2026-09-21T04:58:26.442Z] >>> [apiv2][body] PATCH https://firebasehosting.googleapis.com/v1beta1/projects/-/sites/match-bb30c/versions/2c1271f4482494c9 {"status":"FINALIZED","config":{"rewrites":[{"glob":"/api/**","function":"api","functionRegion":"us-central1"},{"glob":"**","path":"/index.html"}]}}
[debug] [2026-09-21T04:58:27.103Z] <<< [apiv2][status] PATCH https://firebasehosting.googleapis.com/v1beta1/projects/-/sites/match-bb30c/versions/2c1271f4482494c9 200
[debug] [2026-09-21T04:58:27.103Z] <<< [apiv2][body] PATCH https://firebasehosting.googleapis.com/v1beta1/projects/-/sites/match-bb30c/versions/2c1271f4482494c9 {"name":"projects/781816318930/sites/match-bb30c/versions/2c1271f4482494c9","status":"FINALIZED","config":{"rewrites":[{"functionRegion":"us-central1","glob":"/api/**","function":"api"},{"glob":"**","path":"/index.html"}]},"labels":{"deployment-tool":"cli-firebase"},"createTime":"2026-09-21T04:58:29.974837Z","createUser":{"email":"phongdanai5555@gmail.com"},"finalizeTime":"2026-09-21T04:58:34.252138Z","finalizeUser":{"email":"phongdanai5555@gmail.com"}}
[debug] [2026-09-21T04:58:27.103Z] [hosting] finalized version for match-bb30c:[object Object]
[info] +  hosting[match-bb30c]: version finalized 
[info] i  hosting[match-bb30c]: releasing new version... 
[debug] [2026-09-21T04:58:27.104Z] Checked if tokens are valid: true, expires at: 1789970289388
[debug] [2026-09-21T04:58:27.104Z] Checked if tokens are valid: true, expires at: 1789970289388
[debug] [2026-09-21T04:58:27.104Z] >>> [apiv2][query] POST https://firebasehosting.googleapis.com/v1beta1/projects/-/sites/match-bb30c/channels/live/releases versionName=projects%2F781816318930%2Fsites%2Fmatch-bb30c%2Fversions%2F2c1271f4482494c9
[debug] [2026-09-21T04:58:27.104Z] >>> [apiv2][body] POST https://firebasehosting.googleapis.com/v1beta1/projects/-/sites/match-bb30c/channels/live/releases {}
[debug] [2026-09-21T04:58:27.829Z] <<< [apiv2][status] POST https://firebasehosting.googleapis.com/v1beta1/projects/-/sites/match-bb30c/channels/live/releases 200
[debug] [2026-09-25T06:27:35.782Z] ----------------------------------------------------------------------
[debug] [2026-09-25T06:27:35.785Z] Command:       C:\Program Files\nodejs\node.exe C:\Users\phong\AppData\Roaming\npm\node_modules\firebase-tools\lib\bin\firebase.js deploy --only hosting
[debug] [2026-09-25T06:27:35.785Z] CLI Version:   15.25.1
[debug] [2026-09-25T06:27:35.786Z] Platform:      win32
[debug] [2026-09-25T06:27:35.786Z] Node Version:  v22.20.0
[debug] [2026-09-25T06:27:35.786Z] Detected Agent: codex_cli
[debug] [2026-09-25T06:27:35.786Z] Time:          Fri Sep 25 2026 13:27:35 GMT+0700 (เวลาอินโดจีน)
[debug] [2026-09-25T06:27:35.787Z] ----------------------------------------------------------------------
[debug] 
[debug] [2026-09-25T06:27:35.797Z] >>> [apiv2][query] GET https://firebase-public.firebaseio.com/cli.json [none]
[debug] [2026-09-25T06:27:54.900Z] > command requires scopes: ["email","openid","https://www.googleapis.com/auth/cloudplatformprojects.readonly","https://www.googleapis.com/auth/firebase","https://www.googleapis.com/auth/cloud-platform"]
[debug] [2026-09-25T06:27:54.901Z] > authorizing via signed-in user (phongdanai5555@gmail.com)
[debug] [2026-09-25T06:27:54.901Z] [iam] checking project match-bb30c for permissions ["firebase.projects.get","firebasehosting.sites.update"]
[debug] [2026-09-25T06:27:54.903Z] Checked if tokens are valid: false, expires at: 1789970289388
[debug] [2026-09-25T06:27:54.903Z] Checked if tokens are valid: false, expires at: 1789970289388
[debug] [2026-09-25T06:27:54.903Z] > refreshing access token with scopes: []
[debug] [2026-09-25T06:27:54.904Z] >>> [apiv2][query] POST https://www.googleapis.com/oauth2/v3/token [none]
[debug] [2026-09-25T06:27:54.904Z] >>> [apiv2][body] POST https://www.googleapis.com/oauth2/v3/token [omitted]
[debug] [2026-09-25T06:27:55.107Z] <<< [apiv2][status] POST https://www.googleapis.com/oauth2/v3/token 200
[debug] [2026-09-25T06:27:55.107Z] <<< [apiv2][body] POST https://www.googleapis.com/oauth2/v3/token [omitted]
[debug] [2026-09-25T06:27:55.121Z] >>> [apiv2][query] POST https://cloudresourcemanager.googleapis.com/v1/projects/match-bb30c:testIamPermissions [none]
[debug] [2026-09-25T06:27:55.122Z] >>> [apiv2][(partial)header] POST https://cloudresourcemanager.googleapis.com/v1/projects/match-bb30c:testIamPermissions  x-goog-user-project=match-bb30c
[debug] [2026-09-25T06:27:55.122Z] >>> [apiv2][body] POST https://cloudresourcemanager.googleapis.com/v1/projects/match-bb30c:testIamPermissions {"permissions":["firebase.projects.get","firebasehosting.sites.update"]}
[debug] [2026-09-25T06:27:55.474Z] <<< [apiv2][status] GET https://firebase-public.firebaseio.com/cli.json 200
[debug] [2026-09-25T06:27:55.474Z] <<< [apiv2][body] GET https://firebase-public.firebaseio.com/cli.json {"cloudBuildErrorAfter":1594252800000,"cloudBuildWarnAfter":1590019200000,"defaultNode10After":1594252800000,"minVersion":"3.0.5","node8DeploysDisabledAfter":1613390400000,"node8RuntimeDisabledAfter":1615809600000,"node8WarnAfter":1600128000000}
[debug] [2026-09-25T06:27:56.451Z] <<< [apiv2][status] POST https://cloudresourcemanager.googleapis.com/v1/projects/match-bb30c:testIamPermissions 200
[debug] [2026-09-25T06:27:56.451Z] <<< [apiv2][body] POST https://cloudresourcemanager.googleapis.com/v1/projects/match-bb30c:testIamPermissions {"permissions":["firebase.projects.get","firebasehosting.sites.update"]}
[debug] [2026-09-25T06:27:56.452Z] Checked if tokens are valid: true, expires at: 1790321274108
[debug] [2026-09-25T06:27:56.452Z] Checked if tokens are valid: true, expires at: 1790321274108
[debug] [2026-09-25T06:27:56.452Z] >>> [apiv2][query] GET https://firebase.googleapis.com/v1beta1/projects/match-bb30c [none]
[debug] [2026-09-25T06:27:56.917Z] <<< [apiv2][status] GET https://firebase.googleapis.com/v1beta1/projects/match-bb30c 200
[debug] [2026-09-25T06:27:56.917Z] <<< [apiv2][body] GET https://firebase.googleapis.com/v1beta1/projects/match-bb30c {"projectId":"match-bb30c","projectNumber":"781816318930","displayName":"match","name":"projects/match-bb30c","resources":{"hostingSite":"match-bb30c"},"state":"ACTIVE","labels":{"firebase":"enabled"},"etag":"1_e42c5cea-6269-4aaa-8b7a-1052cd41180e"}
[info] 
[info] === Deploying to 'match-bb30c'...
[info] 
[info] i  deploying hosting 
[debug] [2026-09-25T06:27:56.920Z] Checked if tokens are valid: true, expires at: 1790321274108
[debug] [2026-09-25T06:27:56.920Z] Checked if tokens are valid: true, expires at: 1790321274108
[debug] [2026-09-25T06:27:56.920Z] >>> [apiv2][query] GET https://firebasehosting.googleapis.com/v1beta1/projects/match-bb30c/sites/match-bb30c [none]
[debug] [2026-09-25T06:27:56.300Z] ----------------------------------------------------------------------
[debug] [2026-09-25T06:27:56.303Z] Command:       C:\Program Files\nodejs\node.exe C:\Users\phong\AppData\Roaming\npm\node_modules\firebase-tools\lib\bin\firebase.js deploy --only hosting
[debug] [2026-09-25T06:27:56.303Z] CLI Version:   15.25.1
[debug] [2026-09-25T06:27:56.303Z] Platform:      win32
[debug] [2026-09-25T06:27:56.303Z] Node Version:  v22.20.0
[debug] [2026-09-25T06:27:56.304Z] Detected Agent: codex_cli
[debug] [2026-09-25T06:27:56.304Z] Time:          Fri Sep 25 2026 13:27:56 GMT+0700 (เวลาอินโดจีน)
[debug] [2026-09-25T06:27:56.304Z] ----------------------------------------------------------------------
[debug] 
[debug] [2026-09-25T06:27:57.429Z] > command requires scopes: ["email","openid","https://www.googleapis.com/auth/cloudplatformprojects.readonly","https://www.googleapis.com/auth/firebase","https://www.googleapis.com/auth/cloud-platform"]
[debug] [2026-09-25T06:27:57.429Z] > authorizing via signed-in user (phongdanai5555@gmail.com)
[debug] [2026-09-25T06:27:57.429Z] [iam] checking project match-bb30c for permissions ["firebase.projects.get","firebasehosting.sites.update"]
[debug] [2026-09-25T06:27:57.438Z] Checked if tokens are valid: true, expires at: 1790321274108
[debug] [2026-09-25T06:27:57.439Z] Checked if tokens are valid: true, expires at: 1790321274108
[debug] [2026-09-25T06:27:57.440Z] >>> [apiv2][query] POST https://cloudresourcemanager.googleapis.com/v1/projects/match-bb30c:testIamPermissions [none]
[debug] [2026-09-25T06:27:57.440Z] >>> [apiv2][(partial)header] POST https://cloudresourcemanager.googleapis.com/v1/projects/match-bb30c:testIamPermissions  x-goog-user-project=match-bb30c
[debug] [2026-09-25T06:27:57.440Z] >>> [apiv2][body] POST https://cloudresourcemanager.googleapis.com/v1/projects/match-bb30c:testIamPermissions {"permissions":["firebase.projects.get","firebasehosting.sites.update"]}
[debug] [2026-09-25T06:27:57.921Z] <<< [apiv2][status] GET https://firebasehosting.googleapis.com/v1beta1/projects/match-bb30c/sites/match-bb30c 200
[debug] [2026-09-25T06:27:57.921Z] <<< [apiv2][body] GET https://firebasehosting.googleapis.com/v1beta1/projects/match-bb30c/sites/match-bb30c {"name":"projects/match-bb30c/sites/match-bb30c","defaultUrl":"https://match-bb30c.web.app","type":"DEFAULT_SITE"}
[debug] [2026-09-25T06:27:57.923Z] Checked if tokens are valid: true, expires at: 1790321274108
[debug] [2026-09-25T06:27:57.923Z] Checked if tokens are valid: true, expires at: 1790321274108
[debug] [2026-09-25T06:27:57.923Z] >>> [apiv2][query] POST https://firebasehosting.googleapis.com/v1beta1/projects/-/sites/match-bb30c/versions [none]
[debug] [2026-09-25T06:27:57.923Z] >>> [apiv2][body] POST https://firebasehosting.googleapis.com/v1beta1/projects/-/sites/match-bb30c/versions {"status":"CREATED","labels":{"deployment-tool":"cli-firebase"}}
[debug] [2026-09-25T06:27:58.677Z] <<< [apiv2][status] POST https://cloudresourcemanager.googleapis.com/v1/projects/match-bb30c:testIamPermissions 200
[debug] [2026-09-25T06:27:58.677Z] <<< [apiv2][body] POST https://cloudresourcemanager.googleapis.com/v1/projects/match-bb30c:testIamPermissions {"permissions":["firebase.projects.get","firebasehosting.sites.update"]}
[debug] [2026-09-25T06:27:58.678Z] Checked if tokens are valid: true, expires at: 1790321274108
[debug] [2026-09-25T06:27:58.678Z] Checked if tokens are valid: true, expires at: 1790321274108
[debug] [2026-09-25T06:27:58.678Z] >>> [apiv2][query] GET https://firebase.googleapis.com/v1beta1/projects/match-bb30c [none]
[debug] [2026-09-25T06:27:59.069Z] <<< [apiv2][status] POST https://firebasehosting.googleapis.com/v1beta1/projects/-/sites/match-bb30c/versions 200
[debug] [2026-09-25T06:27:59.069Z] <<< [apiv2][body] POST https://firebasehosting.googleapis.com/v1beta1/projects/-/sites/match-bb30c/versions {"name":"projects/781816318930/sites/match-bb30c/versions/f6d87e223ba7d970","status":"CREATED","config":{},"labels":{"deployment-tool":"cli-firebase"}}
[info] i  hosting[match-bb30c]: beginning deploy... 
[info] i  hosting[match-bb30c]: found 6 files in dist 
[debug] [2026-09-25T06:27:59.081Z] [hosting] uploading with 200 concurrency
[debug] [2026-09-25T06:27:59.098Z] <<< [apiv2][status] GET https://firebase.googleapis.com/v1beta1/projects/match-bb30c 200
[debug] [2026-09-25T06:27:59.098Z] <<< [apiv2][body] GET https://firebase.googleapis.com/v1beta1/projects/match-bb30c {"projectId":"match-bb30c","projectNumber":"781816318930","displayName":"match","name":"projects/match-bb30c","resources":{"hostingSite":"match-bb30c"},"state":"ACTIVE","labels":{"firebase":"enabled"},"etag":"1_e42c5cea-6269-4aaa-8b7a-1052cd41180e"}
[info] 
[info] === Deploying to 'match-bb30c'...
[info] 
[info] i  deploying hosting 
[debug] [2026-09-25T06:27:59.101Z] Checked if tokens are valid: true, expires at: 1790321274108
[debug] [2026-09-25T06:27:59.101Z] Checked if tokens are valid: true, expires at: 1790321274108
[debug] [2026-09-25T06:27:59.101Z] >>> [apiv2][query] GET https://firebasehosting.googleapis.com/v1beta1/projects/match-bb30c/sites/match-bb30c [none]
[debug] [2026-09-25T06:27:59.157Z] Checked if tokens are valid: true, expires at: 1790321274108
[debug] [2026-09-25T06:27:59.157Z] Checked if tokens are valid: true, expires at: 1790321274108
[debug] [2026-09-25T06:27:59.158Z] [hosting] hash cache [ZGlzdA] stored for 6 files
[debug] [2026-09-25T06:27:59.158Z] [hosting][hash queue][FINAL] {"max":73,"min":3,"avg":15.833333333333334,"active":0,"complete":6,"success":6,"errored":0,"retried":0,"total":6,"elapsed":75}
[debug] [2026-09-25T06:27:59.158Z] >>> [apiv2][query] POST https://firebasehosting.googleapis.com/v1beta1/projects/781816318930/sites/match-bb30c/versions/f6d87e223ba7d970:populateFiles [none]
[debug] [2026-09-25T06:27:59.159Z] >>> [apiv2][body] POST https://firebasehosting.googleapis.com/v1beta1/projects/781816318930/sites/match-bb30c/versions/f6d87e223ba7d970:populateFiles {"files":{"/index.html":"8c07a851f4c00212a3edea0f6a537ff808eba55bb58ac764ce5fde1377cf4c20","/metadata.json":"59607d4abc28dbe25c04810f4160b1e785f320a28d51d4caf80c70367ec8b978","/assets/assets/i.6ed753e49a6a1cccbc78cf170742d336.png":"565ecedd47dfe0bd1e536b8df912ec80ecbc39404c106680275ba62a72bc2279","/favicon.ico":"3aa075641cdca4ab445cd3306616a835126e411730852ae3b366b2ec4a525acd","/assets/assets/logo.bad0fbd8f610b9d2b23c3995f03e2bdc.jpg":"91626ae9540becf24ca2c3cdcf3a66d18bdae30613dd5de1deec8cf93213d958","/_expo/static/js/web/index-c0df74dbcc521ae13453a1bcdd7c0408.js":"8ede4354c0e1605ccf0f6e347297c7876746064b7e39fae18f6a8ff547d2d56b"}}
[debug] [2026-09-25T06:27:59.989Z] <<< [apiv2][status] GET https://firebasehosting.googleapis.com/v1beta1/projects/match-bb30c/sites/match-bb30c 200
[debug] [2026-09-25T06:27:59.989Z] <<< [apiv2][body] GET https://firebasehosting.googleapis.com/v1beta1/projects/match-bb30c/sites/match-bb30c {"name":"projects/match-bb30c/sites/match-bb30c","defaultUrl":"https://match-bb30c.web.app","type":"DEFAULT_SITE"}
[debug] [2026-09-25T06:27:59.991Z] Checked if tokens are valid: true, expires at: 1790321274108
[debug] [2026-09-25T06:27:59.991Z] Checked if tokens are valid: true, expires at: 1790321274108
[debug] [2026-09-25T06:27:59.991Z] >>> [apiv2][query] POST https://firebasehosting.googleapis.com/v1beta1/projects/-/sites/match-bb30c/versions [none]
[debug] [2026-09-25T06:27:59.991Z] >>> [apiv2][body] POST https://firebasehosting.googleapis.com/v1beta1/projects/-/sites/match-bb30c/versions {"status":"CREATED","labels":{"deployment-tool":"cli-firebase"}}
[debug] [2026-09-25T06:28:00.058Z] <<< [apiv2][status] POST https://firebasehosting.googleapis.com/v1beta1/projects/781816318930/sites/match-bb30c/versions/f6d87e223ba7d970:populateFiles 200
[debug] [2026-09-25T06:28:00.058Z] <<< [apiv2][body] POST https://firebasehosting.googleapis.com/v1beta1/projects/781816318930/sites/match-bb30c/versions/f6d87e223ba7d970:populateFiles {"uploadRequiredHashes":["8ede4354c0e1605ccf0f6e347297c7876746064b7e39fae18f6a8ff547d2d56b","8c07a851f4c00212a3edea0f6a537ff808eba55bb58ac764ce5fde1377cf4c20"],"uploadUrl":"https://upload-firebasehosting.googleapis.com/upload/sites/match-bb30c/versions/f6d87e223ba7d970/files"}
[debug] [2026-09-25T06:28:00.059Z] Checked if tokens are valid: true, expires at: 1790321274108
[debug] [2026-09-25T06:28:00.059Z] Checked if tokens are valid: true, expires at: 1790321274108
[debug] [2026-09-25T06:28:00.059Z] Checked if tokens are valid: true, expires at: 1790321274108
[debug] [2026-09-25T06:28:00.059Z] Checked if tokens are valid: true, expires at: 1790321274108
[debug] [2026-09-25T06:28:00.059Z] >>> [apiv2][query] POST https://upload-firebasehosting.googleapis.com/upload/sites/match-bb30c/versions/f6d87e223ba7d970/files/8ede4354c0e1605ccf0f6e347297c7876746064b7e39fae18f6a8ff547d2d56b [none]
[debug] [2026-09-25T06:28:00.059Z] >>> [apiv2][body] POST https://upload-firebasehosting.googleapis.com/upload/sites/match-bb30c/versions/f6d87e223ba7d970/files/8ede4354c0e1605ccf0f6e347297c7876746064b7e39fae18f6a8ff547d2d56b [stream]
[debug] [2026-09-25T06:28:00.061Z] >>> [apiv2][query] POST https://upload-firebasehosting.googleapis.com/upload/sites/match-bb30c/versions/f6d87e223ba7d970/files/8c07a851f4c00212a3edea0f6a537ff808eba55bb58ac764ce5fde1377cf4c20 [none]
[debug] [2026-09-25T06:28:00.061Z] >>> [apiv2][body] POST https://upload-firebasehosting.googleapis.com/upload/sites/match-bb30c/versions/f6d87e223ba7d970/files/8c07a851f4c00212a3edea0f6a537ff808eba55bb58ac764ce5fde1377cf4c20 [stream]
[debug] [2026-09-25T06:28:00.063Z] [hosting][populate queue][FINAL] {"max":902,"min":902,"avg":902,"active":0,"complete":1,"success":1,"errored":0,"retried":0,"total":1,"elapsed":906}
[debug] [2026-09-25T06:28:00.063Z] [hosting] uploads queued: 2
[info] i  hosting: uploading new files [0/2] (0%) 
[debug] [2026-09-25T06:28:01.134Z] <<< [apiv2][status] POST https://firebasehosting.googleapis.com/v1beta1/projects/-/sites/match-bb30c/versions 200
[debug] [2026-09-25T06:28:01.135Z] <<< [apiv2][body] POST https://firebasehosting.googleapis.com/v1beta1/projects/-/sites/match-bb30c/versions {"name":"projects/781816318930/sites/match-bb30c/versions/216d09e395a8fa05","status":"CREATED","config":{},"labels":{"deployment-tool":"cli-firebase"}}
[info] i  hosting[match-bb30c]: beginning deploy... 
[info] i  hosting[match-bb30c]: found 6 files in dist 
[debug] [2026-09-25T06:28:01.147Z] [hosting] uploading with 200 concurrency
[debug] [2026-09-25T06:28:01.149Z] Checked if tokens are valid: true, expires at: 1790321274108
[debug] [2026-09-25T06:28:01.149Z] Checked if tokens are valid: true, expires at: 1790321274108
[debug] [2026-09-25T06:28:01.150Z] [hosting] hash cache [ZGlzdA] stored for 6 files
[debug] [2026-09-25T06:28:01.150Z] [hosting][hash queue][FINAL] {"max":0,"min":0,"avg":0,"active":0,"complete":6,"success":6,"errored":0,"retried":0,"total":6,"elapsed":2}
[debug] [2026-09-25T06:28:01.151Z] >>> [apiv2][query] POST https://firebasehosting.googleapis.com/v1beta1/projects/781816318930/sites/match-bb30c/versions/216d09e395a8fa05:populateFiles [none]
[debug] [2026-09-25T06:28:01.151Z] >>> [apiv2][body] POST https://firebasehosting.googleapis.com/v1beta1/projects/781816318930/sites/match-bb30c/versions/216d09e395a8fa05:populateFiles {"files":{"/metadata.json":"59607d4abc28dbe25c04810f4160b1e785f320a28d51d4caf80c70367ec8b978","/index.html":"8c07a851f4c00212a3edea0f6a537ff808eba55bb58ac764ce5fde1377cf4c20","/favicon.ico":"3aa075641cdca4ab445cd3306616a835126e411730852ae3b366b2ec4a525acd","/_expo/static/js/web/index-c0df74dbcc521ae13453a1bcdd7c0408.js":"8ede4354c0e1605ccf0f6e347297c7876746064b7e39fae18f6a8ff547d2d56b","/assets/assets/logo.bad0fbd8f610b9d2b23c3995f03e2bdc.jpg":"91626ae9540becf24ca2c3cdcf3a66d18bdae30613dd5de1deec8cf93213d958","/assets/assets/i.6ed753e49a6a1cccbc78cf170742d336.png":"565ecedd47dfe0bd1e536b8df912ec80ecbc39404c106680275ba62a72bc2279"}}
[debug] [2026-09-25T06:28:01.913Z] <<< [apiv2][status] POST https://upload-firebasehosting.googleapis.com/upload/sites/match-bb30c/versions/f6d87e223ba7d970/files/8c07a851f4c00212a3edea0f6a537ff808eba55bb58ac764ce5fde1377cf4c20 200
[debug] [2026-09-25T06:28:01.913Z] <<< [apiv2][body] POST https://upload-firebasehosting.googleapis.com/upload/sites/match-bb30c/versions/f6d87e223ba7d970/files/8c07a851f4c00212a3edea0f6a537ff808eba55bb58ac764ce5fde1377cf4c20 [stream]
[debug] [2026-09-25T06:28:01.984Z] <<< [apiv2][status] POST https://upload-firebasehosting.googleapis.com/upload/sites/match-bb30c/versions/f6d87e223ba7d970/files/8ede4354c0e1605ccf0f6e347297c7876746064b7e39fae18f6a8ff547d2d56b 200
[debug] [2026-09-25T06:28:01.984Z] <<< [apiv2][body] POST https://upload-firebasehosting.googleapis.com/upload/sites/match-bb30c/versions/f6d87e223ba7d970/files/8ede4354c0e1605ccf0f6e347297c7876746064b7e39fae18f6a8ff547d2d56b [stream]
[debug] [2026-09-25T06:28:01.985Z] [hosting][upload queue][FINAL] {"max":1927,"min":1854,"avg":1890.5,"active":0,"complete":2,"success":2,"errored":0,"retried":0,"total":2,"elapsed":1927}
[info] i  hosting: upload complete 
[info] +  hosting[match-bb30c]: file upload complete 
[debug] [2026-09-25T06:28:01.985Z] [hosting] deploy completed after 2914ms
[debug] [2026-09-25T06:28:01.985Z] [
  {
    "config": {
      "public": "dist",
      "ignore": [
        "firebase.json",
        "**/.*",
        "**/node_modules/**"
      ],
      "rewrites": [
        {
          "source": "/api/**",
          "function": {
            "functionId": "api",
            "region": "us-central1"
          }
        },
        {
          "source": "**",
          "destination": "/index.html"
        }
      ],
      "site": "match-bb30c"
    },
    "version": "projects/781816318930/sites/match-bb30c/versions/f6d87e223ba7d970"
  }
]
[info] i  hosting[match-bb30c]: finalizing version... 
[debug] [2026-09-25T06:28:01.987Z] Checked if tokens are valid: true, expires at: 1790321274108
[debug] [2026-09-25T06:28:01.987Z] Checked if tokens are valid: true, expires at: 1790321274108
[debug] [2026-09-25T06:28:01.987Z] >>> [apiv2][query] GET https://cloudfunctions.googleapis.com/v1/projects/match-bb30c/locations/-/functions [none]
[debug] [2026-09-25T06:28:02.045Z] <<< [apiv2][status] POST https://firebasehosting.googleapis.com/v1beta1/projects/781816318930/sites/match-bb30c/versions/216d09e395a8fa05:populateFiles 200
[debug] [2026-09-25T06:28:02.045Z] <<< [apiv2][body] POST https://firebasehosting.googleapis.com/v1beta1/projects/781816318930/sites/match-bb30c/versions/216d09e395a8fa05:populateFiles {"uploadRequiredHashes":["8c07a851f4c00212a3edea0f6a537ff808eba55bb58ac764ce5fde1377cf4c20","8ede4354c0e1605ccf0f6e347297c7876746064b7e39fae18f6a8ff547d2d56b"],"uploadUrl":"https://upload-firebasehosting.googleapis.com/upload/sites/match-bb30c/versions/216d09e395a8fa05/files"}
[debug] [2026-09-25T06:28:02.046Z] Checked if tokens are valid: true, expires at: 1790321274108
[debug] [2026-09-25T06:28:02.046Z] Checked if tokens are valid: true, expires at: 1790321274108
[debug] [2026-09-25T06:28:02.047Z] Checked if tokens are valid: true, expires at: 1790321274108
[debug] [2026-09-25T06:28:02.047Z] Checked if tokens are valid: true, expires at: 1790321274108
[debug] [2026-09-25T06:28:02.047Z] >>> [apiv2][query] POST https://upload-firebasehosting.googleapis.com/upload/sites/match-bb30c/versions/216d09e395a8fa05/files/8c07a851f4c00212a3edea0f6a537ff808eba55bb58ac764ce5fde1377cf4c20 [none]
[debug] [2026-09-25T06:28:02.047Z] >>> [apiv2][body] POST https://upload-firebasehosting.googleapis.com/upload/sites/match-bb30c/versions/216d09e395a8fa05/files/8c07a851f4c00212a3edea0f6a537ff808eba55bb58ac764ce5fde1377cf4c20 [stream]
[debug] [2026-09-25T06:28:02.048Z] >>> [apiv2][query] POST https://upload-firebasehosting.googleapis.com/upload/sites/match-bb30c/versions/216d09e395a8fa05/files/8ede4354c0e1605ccf0f6e347297c7876746064b7e39fae18f6a8ff547d2d56b [none]
[debug] [2026-09-25T06:28:02.048Z] >>> [apiv2][body] POST https://upload-firebasehosting.googleapis.com/upload/sites/match-bb30c/versions/216d09e395a8fa05/files/8ede4354c0e1605ccf0f6e347297c7876746064b7e39fae18f6a8ff547d2d56b [stream]
[debug] [2026-09-25T06:28:02.050Z] [hosting][populate queue][FINAL] {"max":898,"min":898,"avg":898,"active":0,"complete":1,"success":1,"errored":0,"retried":0,"total":1,"elapsed":901}
[debug] [2026-09-25T06:28:02.050Z] [hosting] uploads queued: 2
[debug] [2026-09-25T06:28:02.845Z] <<< [apiv2][status] GET https://cloudfunctions.googleapis.com/v1/projects/match-bb30c/locations/-/functions 200
[debug] [2026-09-25T06:28:02.846Z] <<< [apiv2][body] GET https://cloudfunctions.googleapis.com/v1/projects/match-bb30c/locations/-/functions {}
[debug] [2026-09-25T06:28:02.846Z] Checked if tokens are valid: true, expires at: 1790321274108
[debug] [2026-09-25T06:28:02.846Z] Checked if tokens are valid: true, expires at: 1790321274108
[debug] [2026-09-25T06:28:02.846Z] >>> [apiv2][query] GET https://cloudfunctions.googleapis.com/v2/projects/match-bb30c/locations/-/functions filter=environment%3D%22GEN_2%22
[info] i  hosting: uploading new files [0/2] (0%) 
[debug] [2026-09-25T06:28:03.463Z] <<< [apiv2][status] POST https://upload-firebasehosting.googleapis.com/upload/sites/match-bb30c/versions/216d09e395a8fa05/files/8c07a851f4c00212a3edea0f6a537ff808eba55bb58ac764ce5fde1377cf4c20 200
[debug] [2026-09-25T06:28:03.464Z] <<< [apiv2][body] POST https://upload-firebasehosting.googleapis.com/upload/sites/match-bb30c/versions/216d09e395a8fa05/files/8c07a851f4c00212a3edea0f6a537ff808eba55bb58ac764ce5fde1377cf4c20 [stream]
[debug] [2026-09-25T06:28:03.586Z] <<< [apiv2][status] POST https://upload-firebasehosting.googleapis.com/upload/sites/match-bb30c/versions/216d09e395a8fa05/files/8ede4354c0e1605ccf0f6e347297c7876746064b7e39fae18f6a8ff547d2d56b 200
[debug] [2026-09-25T06:28:03.587Z] <<< [apiv2][body] POST https://upload-firebasehosting.googleapis.com/upload/sites/match-bb30c/versions/216d09e395a8fa05/files/8ede4354c0e1605ccf0f6e347297c7876746064b7e39fae18f6a8ff547d2d56b [stream]
[debug] [2026-09-25T06:28:03.587Z] [hosting][upload queue][FINAL] {"max":1541,"min":1419,"avg":1480,"active":0,"complete":2,"success":2,"errored":0,"retried":0,"total":2,"elapsed":1542}
[info] i  hosting: upload complete 
[info] +  hosting[match-bb30c]: file upload complete 
[debug] [2026-09-25T06:28:03.587Z] [hosting] deploy completed after 2450ms
[debug] [2026-09-25T06:28:03.587Z] [
  {
    "config": {
      "public": "dist",
      "ignore": [
        "firebase.json",
        "**/.*",
        "**/node_modules/**"
      ],
      "rewrites": [
        {
          "source": "/api/**",
          "function": {
            "functionId": "api",
            "region": "us-central1"
          }
        },
        {
          "source": "**",
          "destination": "/index.html"
        }
      ],
      "site": "match-bb30c"
    },
    "version": "projects/781816318930/sites/match-bb30c/versions/216d09e395a8fa05"
  }
]
[info] i  hosting[match-bb30c]: finalizing version... 
[debug] [2026-09-25T06:28:03.589Z] Checked if tokens are valid: true, expires at: 1790321274108
[debug] [2026-09-25T06:28:03.589Z] Checked if tokens are valid: true, expires at: 1790321274108
[debug] [2026-09-25T06:28:03.589Z] >>> [apiv2][query] GET https://cloudfunctions.googleapis.com/v1/projects/match-bb30c/locations/-/functions [none]
[debug] [2026-09-25T06:28:04.365Z] <<< [apiv2][status] GET https://cloudfunctions.googleapis.com/v1/projects/match-bb30c/locations/-/functions 200
[debug] [2026-09-25T06:28:04.365Z] <<< [apiv2][body] GET https://cloudfunctions.googleapis.com/v1/projects/match-bb30c/locations/-/functions {}
[debug] [2026-09-25T06:28:04.365Z] Checked if tokens are valid: true, expires at: 1790321274108
[debug] [2026-09-25T06:28:04.365Z] Checked if tokens are valid: true, expires at: 1790321274108
[debug] [2026-09-25T06:28:04.366Z] >>> [apiv2][query] GET https://cloudfunctions.googleapis.com/v2/projects/match-bb30c/locations/-/functions filter=environment%3D%22GEN_2%22
[debug] [2026-09-25T06:28:04.431Z] <<< [apiv2][status] GET https://cloudfunctions.googleapis.com/v2/projects/match-bb30c/locations/-/functions 200
[debug] [2026-09-25T06:28:04.431Z] <<< [apiv2][body] GET https://cloudfunctions.googleapis.com/v2/projects/match-bb30c/locations/-/functions {}
[warn] !  hosting[match-bb30c]: Unable to find a valid endpoint for function `api`, but still including it in the config 
[debug] [2026-09-25T06:28:04.432Z] Checked if tokens are valid: true, expires at: 1790321274108
[debug] [2026-09-25T06:28:04.432Z] Checked if tokens are valid: true, expires at: 1790321274108
[debug] [2026-09-25T06:28:04.433Z] >>> [apiv2][query] PATCH https://firebasehosting.googleapis.com/v1beta1/projects/-/sites/match-bb30c/versions/f6d87e223ba7d970 updateMask=status%2Cconfig
[debug] [2026-09-25T06:28:04.433Z] >>> [apiv2][body] PATCH https://firebasehosting.googleapis.com/v1beta1/projects/-/sites/match-bb30c/versions/f6d87e223ba7d970 {"status":"FINALIZED","config":{"rewrites":[{"glob":"/api/**","function":"api","functionRegion":"us-central1"},{"glob":"**","path":"/index.html"}]}}
[debug] [2026-09-25T06:28:05.612Z] <<< [apiv2][status] PATCH https://firebasehosting.googleapis.com/v1beta1/projects/-/sites/match-bb30c/versions/f6d87e223ba7d970 200
[debug] [2026-09-25T06:28:05.613Z] <<< [apiv2][body] PATCH https://firebasehosting.googleapis.com/v1beta1/projects/-/sites/match-bb30c/versions/f6d87e223ba7d970 {"name":"projects/781816318930/sites/match-bb30c/versions/f6d87e223ba7d970","status":"FINALIZED","config":{"rewrites":[{"functionRegion":"us-central1","glob":"/api/**","function":"api"},{"glob":"**","path":"/index.html"}]},"labels":{"deployment-tool":"cli-firebase"},"createTime":"2026-09-25T06:28:05.787138Z","createUser":{"email":"phongdanai5555@gmail.com"},"finalizeTime":"2026-09-25T06:28:12.961620Z","finalizeUser":{"email":"phongdanai5555@gmail.com"}}
[debug] [2026-09-25T06:28:05.613Z] [hosting] finalized version for match-bb30c:[object Object]
[info] +  hosting[match-bb30c]: version finalized 
[info] i  hosting[match-bb30c]: releasing new version... 
[debug] [2026-09-25T06:28:05.613Z] Checked if tokens are valid: true, expires at: 1790321274108
[debug] [2026-09-25T06:28:05.613Z] Checked if tokens are valid: true, expires at: 1790321274108
[debug] [2026-09-25T06:28:05.613Z] >>> [apiv2][query] POST https://firebasehosting.googleapis.com/v1beta1/projects/-/sites/match-bb30c/channels/live/releases versionName=projects%2F781816318930%2Fsites%2Fmatch-bb30c%2Fversions%2Ff6d87e223ba7d970
[debug] [2026-09-25T06:28:05.613Z] >>> [apiv2][body] POST https://firebasehosting.googleapis.com/v1beta1/projects/-/sites/match-bb30c/channels/live/releases {}
[debug] [2026-09-25T06:28:05.962Z] <<< [apiv2][status] GET https://cloudfunctions.googleapis.com/v2/projects/match-bb30c/locations/-/functions 200
[debug] [2026-09-25T06:28:05.962Z] <<< [apiv2][body] GET https://cloudfunctions.googleapis.com/v2/projects/match-bb30c/locations/-/functions {}
[warn] !  hosting[match-bb30c]: Unable to find a valid endpoint for function `api`, but still including it in the config 
[debug] [2026-09-25T06:28:05.963Z] Checked if tokens are valid: true, expires at: 1790321274108
[debug] [2026-09-25T06:28:05.963Z] Checked if tokens are valid: true, expires at: 1790321274108
[debug] [2026-09-25T06:28:05.964Z] >>> [apiv2][query] PATCH https://firebasehosting.googleapis.com/v1beta1/projects/-/sites/match-bb30c/versions/216d09e395a8fa05 updateMask=status%2Cconfig
[debug] [2026-09-25T06:28:05.964Z] >>> [apiv2][body] PATCH https://firebasehosting.googleapis.com/v1beta1/projects/-/sites/match-bb30c/versions/216d09e395a8fa05 {"status":"FINALIZED","config":{"rewrites":[{"glob":"/api/**","function":"api","functionRegion":"us-central1"},{"glob":"**","path":"/index.html"}]}}
[debug] [2026-09-25T06:28:06.360Z] <<< [apiv2][status] POST https://firebasehosting.googleapis.com/v1beta1/projects/-/sites/match-bb30c/channels/live/releases 200
[debug] [2026-09-25T06:28:06.652Z] <<< [apiv2][status] PATCH https://firebasehosting.googleapis.com/v1beta1/projects/-/sites/match-bb30c/versions/216d09e395a8fa05 200
[debug] [2026-09-25T06:28:06.652Z] <<< [apiv2][body] PATCH https://firebasehosting.googleapis.com/v1beta1/projects/-/sites/match-bb30c/versions/216d09e395a8fa05 {"name":"projects/781816318930/sites/match-bb30c/versions/216d09e395a8fa05","status":"FINALIZED","config":{"rewrites":[{"functionRegion":"us-central1","glob":"/api/**","function":"api"},{"glob":"**","path":"/index.html"}]},"labels":{"deployment-tool":"cli-firebase"},"createTime":"2026-09-25T06:28:07.987995Z","createUser":{"email":"phongdanai5555@gmail.com"},"finalizeTime":"2026-09-25T06:28:14.012898Z","finalizeUser":{"email":"phongdanai5555@gmail.com"}}
[debug] [2026-09-25T06:28:06.652Z] [hosting] finalized version for match-bb30c:[object Object]
[info] +  hosting[match-bb30c]: version finalized 
[info] i  hosting[match-bb30c]: releasing new version... 
[debug] [2026-09-25T06:28:06.653Z] Checked if tokens are valid: true, expires at: 1790321274108
[debug] [2026-09-25T06:28:06.653Z] Checked if tokens are valid: true, expires at: 1790321274108
[debug] [2026-09-25T06:28:06.653Z] >>> [apiv2][query] POST https://firebasehosting.googleapis.com/v1beta1/projects/-/sites/match-bb30c/channels/live/releases versionName=projects%2F781816318930%2Fsites%2Fmatch-bb30c%2Fversions%2F216d09e395a8fa05
[debug] [2026-09-25T06:28:06.653Z] >>> [apiv2][body] POST https://firebasehosting.googleapis.com/v1beta1/projects/-/sites/match-bb30c/channels/live/releases {}
[debug] [2026-09-25T06:28:07.399Z] <<< [apiv2][status] POST https://firebasehosting.googleapis.com/v1beta1/projects/-/sites/match-bb30c/channels/live/releases 200
[debug] [2026-09-27T14:54:11.357Z] ----------------------------------------------------------------------
[debug] [2026-09-27T14:54:11.360Z] Command:       C:\Program Files\nodejs\node.exe C:\Users\phong\AppData\Roaming\npm\node_modules\firebase-tools\lib\bin\firebase.js deploy --only hosting
[debug] [2026-09-27T14:54:11.360Z] CLI Version:   15.25.1
[debug] [2026-09-27T14:54:11.360Z] Platform:      win32
[debug] [2026-09-27T14:54:11.361Z] Node Version:  v22.20.0
[debug] [2026-09-27T14:54:11.361Z] Detected Agent: codex_cli
[debug] [2026-09-27T14:54:11.361Z] Time:          Sun Sep 27 2026 21:54:11 GMT+0700 (เวลาอินโดจีน)
[debug] [2026-09-27T14:54:11.362Z] ----------------------------------------------------------------------
[debug] 
[debug] [2026-09-27T14:54:11.373Z] >>> [apiv2][query] GET https://firebase-public.firebaseio.com/cli.json [none]
[debug] [2026-09-27T14:54:30.077Z] > command requires scopes: ["email","openid","https://www.googleapis.com/auth/cloudplatformprojects.readonly","https://www.googleapis.com/auth/firebase","https://www.googleapis.com/auth/cloud-platform"]
[debug] [2026-09-27T14:54:30.077Z] > authorizing via signed-in user (phongdanai5555@gmail.com)
[debug] [2026-09-27T14:54:30.077Z] [iam] checking project match-bb30c for permissions ["firebase.projects.get","firebasehosting.sites.update"]
[debug] [2026-09-27T14:54:30.079Z] Checked if tokens are valid: false, expires at: 1790321274108
[debug] [2026-09-27T14:54:30.079Z] Checked if tokens are valid: false, expires at: 1790321274108
[debug] [2026-09-27T14:54:30.079Z] > refreshing access token with scopes: []
[debug] [2026-09-27T14:54:30.081Z] >>> [apiv2][query] POST https://www.googleapis.com/oauth2/v3/token [none]
[debug] [2026-09-27T14:54:30.081Z] >>> [apiv2][body] POST https://www.googleapis.com/oauth2/v3/token [omitted]
[debug] [2026-09-27T14:54:30.250Z] <<< [apiv2][status] POST https://www.googleapis.com/oauth2/v3/token 200
[debug] [2026-09-27T14:54:30.250Z] <<< [apiv2][body] POST https://www.googleapis.com/oauth2/v3/token [omitted]
[debug] [2026-09-27T14:54:30.265Z] >>> [apiv2][query] POST https://cloudresourcemanager.googleapis.com/v1/projects/match-bb30c:testIamPermissions [none]
[debug] [2026-09-27T14:54:30.265Z] >>> [apiv2][(partial)header] POST https://cloudresourcemanager.googleapis.com/v1/projects/match-bb30c:testIamPermissions  x-goog-user-project=match-bb30c
[debug] [2026-09-27T14:54:30.265Z] >>> [apiv2][body] POST https://cloudresourcemanager.googleapis.com/v1/projects/match-bb30c:testIamPermissions {"permissions":["firebase.projects.get","firebasehosting.sites.update"]}
[debug] [2026-09-27T14:54:30.660Z] <<< [apiv2][status] POST https://cloudresourcemanager.googleapis.com/v1/projects/match-bb30c:testIamPermissions 200
[debug] [2026-09-27T14:54:30.660Z] <<< [apiv2][body] POST https://cloudresourcemanager.googleapis.com/v1/projects/match-bb30c:testIamPermissions {"permissions":["firebase.projects.get","firebasehosting.sites.update"]}
[debug] [2026-09-27T14:54:30.660Z] Checked if tokens are valid: true, expires at: 1790524469250
[debug] [2026-09-27T14:54:30.661Z] Checked if tokens are valid: true, expires at: 1790524469250
[debug] [2026-09-27T14:54:30.661Z] >>> [apiv2][query] GET https://firebase.googleapis.com/v1beta1/projects/match-bb30c [none]
[debug] [2026-09-27T14:54:30.676Z] <<< [apiv2][status] GET https://firebase-public.firebaseio.com/cli.json 200
[debug] [2026-09-27T14:54:30.676Z] <<< [apiv2][body] GET https://firebase-public.firebaseio.com/cli.json {"cloudBuildErrorAfter":1594252800000,"cloudBuildWarnAfter":1590019200000,"defaultNode10After":1594252800000,"minVersion":"3.0.5","node8DeploysDisabledAfter":1613390400000,"node8RuntimeDisabledAfter":1615809600000,"node8WarnAfter":1600128000000}
[debug] [2026-09-27T14:54:31.715Z] <<< [apiv2][status] GET https://firebase.googleapis.com/v1beta1/projects/match-bb30c 200
[debug] [2026-09-27T14:54:31.715Z] <<< [apiv2][body] GET https://firebase.googleapis.com/v1beta1/projects/match-bb30c {"projectId":"match-bb30c","projectNumber":"781816318930","displayName":"match","name":"projects/match-bb30c","resources":{"hostingSite":"match-bb30c"},"state":"ACTIVE","labels":{"firebase":"enabled"},"etag":"1_e42c5cea-6269-4aaa-8b7a-1052cd41180e"}
[info] 
[info] === Deploying to 'match-bb30c'...
[info] 
[info] i  deploying hosting 
[debug] [2026-09-27T14:54:31.718Z] Checked if tokens are valid: true, expires at: 1790524469250
[debug] [2026-09-27T14:54:31.718Z] Checked if tokens are valid: true, expires at: 1790524469250
[debug] [2026-09-27T14:54:31.718Z] >>> [apiv2][query] GET https://firebasehosting.googleapis.com/v1beta1/projects/match-bb30c/sites/match-bb30c [none]
[debug] [2026-09-27T14:54:30.937Z] ----------------------------------------------------------------------
[debug] [2026-09-27T14:54:30.940Z] Command:       C:\Program Files\nodejs\node.exe C:\Users\phong\AppData\Roaming\npm\node_modules\firebase-tools\lib\bin\firebase.js deploy --only hosting
[debug] [2026-09-27T14:54:30.940Z] CLI Version:   15.25.1
[debug] [2026-09-27T14:54:30.940Z] Platform:      win32
[debug] [2026-09-27T14:54:30.940Z] Node Version:  v22.20.0
[debug] [2026-09-27T14:54:30.941Z] Detected Agent: codex_cli
[debug] [2026-09-27T14:54:30.941Z] Time:          Sun Sep 27 2026 21:54:30 GMT+0700 (เวลาอินโดจีน)
[debug] [2026-09-27T14:54:30.941Z] ----------------------------------------------------------------------
[debug] 
[debug] [2026-09-27T14:54:32.076Z] > command requires scopes: ["email","openid","https://www.googleapis.com/auth/cloudplatformprojects.readonly","https://www.googleapis.com/auth/firebase","https://www.googleapis.com/auth/cloud-platform"]
[debug] [2026-09-27T14:54:32.076Z] > authorizing via signed-in user (phongdanai5555@gmail.com)
[debug] [2026-09-27T14:54:32.076Z] [iam] checking project match-bb30c for permissions ["firebase.projects.get","firebasehosting.sites.update"]
[debug] [2026-09-27T14:54:32.085Z] Checked if tokens are valid: true, expires at: 1790524469250
[debug] [2026-09-27T14:54:32.085Z] Checked if tokens are valid: true, expires at: 1790524469250
[debug] [2026-09-27T14:54:32.086Z] >>> [apiv2][query] POST https://cloudresourcemanager.googleapis.com/v1/projects/match-bb30c:testIamPermissions [none]
[debug] [2026-09-27T14:54:32.086Z] >>> [apiv2][(partial)header] POST https://cloudresourcemanager.googleapis.com/v1/projects/match-bb30c:testIamPermissions  x-goog-user-project=match-bb30c
[debug] [2026-09-27T14:54:32.086Z] >>> [apiv2][body] POST https://cloudresourcemanager.googleapis.com/v1/projects/match-bb30c:testIamPermissions {"permissions":["firebase.projects.get","firebasehosting.sites.update"]}
[debug] [2026-09-27T14:54:32.657Z] <<< [apiv2][status] GET https://firebasehosting.googleapis.com/v1beta1/projects/match-bb30c/sites/match-bb30c 200
[debug] [2026-09-27T14:54:32.657Z] <<< [apiv2][body] GET https://firebasehosting.googleapis.com/v1beta1/projects/match-bb30c/sites/match-bb30c {"name":"projects/match-bb30c/sites/match-bb30c","defaultUrl":"https://match-bb30c.web.app","type":"DEFAULT_SITE"}
[debug] [2026-09-27T14:54:32.659Z] Checked if tokens are valid: true, expires at: 1790524469250
[debug] [2026-09-27T14:54:32.660Z] Checked if tokens are valid: true, expires at: 1790524469250
[debug] [2026-09-27T14:54:32.660Z] >>> [apiv2][query] POST https://firebasehosting.googleapis.com/v1beta1/projects/-/sites/match-bb30c/versions [none]
[debug] [2026-09-27T14:54:32.660Z] >>> [apiv2][body] POST https://firebasehosting.googleapis.com/v1beta1/projects/-/sites/match-bb30c/versions {"status":"CREATED","labels":{"deployment-tool":"cli-firebase"}}
[debug] [2026-09-27T14:54:33.333Z] <<< [apiv2][status] POST https://cloudresourcemanager.googleapis.com/v1/projects/match-bb30c:testIamPermissions 200
[debug] [2026-09-27T14:54:33.333Z] <<< [apiv2][body] POST https://cloudresourcemanager.googleapis.com/v1/projects/match-bb30c:testIamPermissions {"permissions":["firebase.projects.get","firebasehosting.sites.update"]}
[debug] [2026-09-27T14:54:33.334Z] Checked if tokens are valid: true, expires at: 1790524469250
[debug] [2026-09-27T14:54:33.334Z] Checked if tokens are valid: true, expires at: 1790524469250
[debug] [2026-09-27T14:54:33.334Z] >>> [apiv2][query] GET https://firebase.googleapis.com/v1beta1/projects/match-bb30c [none]
[debug] [2026-09-27T14:54:33.571Z] <<< [apiv2][status] POST https://firebasehosting.googleapis.com/v1beta1/projects/-/sites/match-bb30c/versions 200
[debug] [2026-09-27T14:54:33.571Z] <<< [apiv2][body] POST https://firebasehosting.googleapis.com/v1beta1/projects/-/sites/match-bb30c/versions {"name":"projects/781816318930/sites/match-bb30c/versions/fcc0ccac3470c572","status":"CREATED","config":{},"labels":{"deployment-tool":"cli-firebase"}}
[info] i  hosting[match-bb30c]: beginning deploy... 
[info] i  hosting[match-bb30c]: found 6 files in dist 
[debug] [2026-09-27T14:54:33.583Z] [hosting] uploading with 200 concurrency
[debug] [2026-09-27T14:54:33.662Z] Checked if tokens are valid: true, expires at: 1790524469250
[debug] [2026-09-27T14:54:33.663Z] Checked if tokens are valid: true, expires at: 1790524469250
[debug] [2026-09-27T14:54:33.664Z] [hosting] hash cache [ZGlzdA] stored for 6 files
[debug] [2026-09-27T14:54:33.664Z] [hosting][hash queue][FINAL] {"max":75,"min":4,"avg":16,"active":0,"complete":6,"success":6,"errored":0,"retried":0,"total":6,"elapsed":78}
[debug] [2026-09-27T14:54:33.664Z] >>> [apiv2][query] POST https://firebasehosting.googleapis.com/v1beta1/projects/781816318930/sites/match-bb30c/versions/fcc0ccac3470c572:populateFiles [none]
[debug] [2026-09-27T14:54:33.664Z] >>> [apiv2][body] POST https://firebasehosting.googleapis.com/v1beta1/projects/781816318930/sites/match-bb30c/versions/fcc0ccac3470c572:populateFiles {"files":{"/metadata.json":"59607d4abc28dbe25c04810f4160b1e785f320a28d51d4caf80c70367ec8b978","/index.html":"5ef5a289f10d25ce3bc68ce2f0500670e5cfde67a3bdea980440605c0af4c5c5","/favicon.ico":"3aa075641cdca4ab445cd3306616a835126e411730852ae3b366b2ec4a525acd","/assets/assets/i.6ed753e49a6a1cccbc78cf170742d336.png":"565ecedd47dfe0bd1e536b8df912ec80ecbc39404c106680275ba62a72bc2279","/assets/assets/logo.bad0fbd8f610b9d2b23c3995f03e2bdc.jpg":"91626ae9540becf24ca2c3cdcf3a66d18bdae30613dd5de1deec8cf93213d958","/_expo/static/js/web/index-202f5adecd19bb30b761772ad029ebbb.js":"2eb32102f563cf8ccc5000ea4fd28824f22bac1ffc078086ebe00a722e065ea5"}}
[debug] [2026-09-27T14:54:33.753Z] <<< [apiv2][status] GET https://firebase.googleapis.com/v1beta1/projects/match-bb30c 200
[debug] [2026-09-27T14:54:33.753Z] <<< [apiv2][body] GET https://firebase.googleapis.com/v1beta1/projects/match-bb30c {"projectId":"match-bb30c","projectNumber":"781816318930","displayName":"match","name":"projects/match-bb30c","resources":{"hostingSite":"match-bb30c"},"state":"ACTIVE","labels":{"firebase":"enabled"},"etag":"1_e42c5cea-6269-4aaa-8b7a-1052cd41180e"}
[info] 
[info] === Deploying to 'match-bb30c'...
[info] 
[info] i  deploying hosting 
[debug] [2026-09-27T14:54:33.756Z] Checked if tokens are valid: true, expires at: 1790524469250
[debug] [2026-09-27T14:54:33.756Z] Checked if tokens are valid: true, expires at: 1790524469250
[debug] [2026-09-27T14:54:33.756Z] >>> [apiv2][query] GET https://firebasehosting.googleapis.com/v1beta1/projects/match-bb30c/sites/match-bb30c [none]
[debug] [2026-09-27T14:54:34.256Z] <<< [apiv2][status] POST https://firebasehosting.googleapis.com/v1beta1/projects/781816318930/sites/match-bb30c/versions/fcc0ccac3470c572:populateFiles 200
[debug] [2026-09-27T14:54:34.256Z] <<< [apiv2][body] POST https://firebasehosting.googleapis.com/v1beta1/projects/781816318930/sites/match-bb30c/versions/fcc0ccac3470c572:populateFiles {"uploadRequiredHashes":["2eb32102f563cf8ccc5000ea4fd28824f22bac1ffc078086ebe00a722e065ea5","5ef5a289f10d25ce3bc68ce2f0500670e5cfde67a3bdea980440605c0af4c5c5"],"uploadUrl":"https://upload-firebasehosting.googleapis.com/upload/sites/match-bb30c/versions/fcc0ccac3470c572/files"}
[debug] [2026-09-27T14:54:34.257Z] Checked if tokens are valid: true, expires at: 1790524469250
[debug] [2026-09-27T14:54:34.257Z] Checked if tokens are valid: true, expires at: 1790524469250
[debug] [2026-09-27T14:54:34.257Z] Checked if tokens are valid: true, expires at: 1790524469250
[debug] [2026-09-27T14:54:34.257Z] Checked if tokens are valid: true, expires at: 1790524469250
[debug] [2026-09-27T14:54:34.257Z] >>> [apiv2][query] POST https://upload-firebasehosting.googleapis.com/upload/sites/match-bb30c/versions/fcc0ccac3470c572/files/2eb32102f563cf8ccc5000ea4fd28824f22bac1ffc078086ebe00a722e065ea5 [none]
[debug] [2026-09-27T14:54:34.257Z] >>> [apiv2][body] POST https://upload-firebasehosting.googleapis.com/upload/sites/match-bb30c/versions/fcc0ccac3470c572/files/2eb32102f563cf8ccc5000ea4fd28824f22bac1ffc078086ebe00a722e065ea5 [stream]
[debug] [2026-09-27T14:54:34.258Z] >>> [apiv2][query] POST https://upload-firebasehosting.googleapis.com/upload/sites/match-bb30c/versions/fcc0ccac3470c572/files/5ef5a289f10d25ce3bc68ce2f0500670e5cfde67a3bdea980440605c0af4c5c5 [none]
[debug] [2026-09-27T14:54:34.259Z] >>> [apiv2][body] POST https://upload-firebasehosting.googleapis.com/upload/sites/match-bb30c/versions/fcc0ccac3470c572/files/5ef5a289f10d25ce3bc68ce2f0500670e5cfde67a3bdea980440605c0af4c5c5 [stream]
[debug] [2026-09-27T14:54:34.261Z] [hosting][populate queue][FINAL] {"max":595,"min":595,"avg":595,"active":0,"complete":1,"success":1,"errored":0,"retried":0,"total":1,"elapsed":599}
[debug] [2026-09-27T14:54:34.261Z] [hosting] uploads queued: 2
[debug] [2026-09-27T14:54:34.772Z] <<< [apiv2][status] GET https://firebasehosting.googleapis.com/v1beta1/projects/match-bb30c/sites/match-bb30c 200
[debug] [2026-09-27T14:54:34.772Z] <<< [apiv2][body] GET https://firebasehosting.googleapis.com/v1beta1/projects/match-bb30c/sites/match-bb30c {"name":"projects/match-bb30c/sites/match-bb30c","defaultUrl":"https://match-bb30c.web.app","type":"DEFAULT_SITE"}
[debug] [2026-09-27T14:54:34.774Z] Checked if tokens are valid: true, expires at: 1790524469250
[debug] [2026-09-27T14:54:34.774Z] Checked if tokens are valid: true, expires at: 1790524469250
[debug] [2026-09-27T14:54:34.774Z] >>> [apiv2][query] POST https://firebasehosting.googleapis.com/v1beta1/projects/-/sites/match-bb30c/versions [none]
[debug] [2026-09-27T14:54:34.774Z] >>> [apiv2][body] POST https://firebasehosting.googleapis.com/v1beta1/projects/-/sites/match-bb30c/versions {"status":"CREATED","labels":{"deployment-tool":"cli-firebase"}}
[info] i  hosting: uploading new files [0/2] (0%) 
[debug] [2026-09-27T14:54:35.608Z] <<< [apiv2][status] POST https://firebasehosting.googleapis.com/v1beta1/projects/-/sites/match-bb30c/versions 200
[debug] [2026-09-27T14:54:35.608Z] <<< [apiv2][body] POST https://firebasehosting.googleapis.com/v1beta1/projects/-/sites/match-bb30c/versions {"name":"projects/781816318930/sites/match-bb30c/versions/c1ffcae892b68cfe","status":"CREATED","config":{},"labels":{"deployment-tool":"cli-firebase"}}
[info] i  hosting[match-bb30c]: beginning deploy... 
[info] i  hosting[match-bb30c]: found 6 files in dist 
[debug] [2026-09-27T14:54:35.622Z] [hosting] uploading with 200 concurrency
[debug] [2026-09-27T14:54:35.625Z] Checked if tokens are valid: true, expires at: 1790524469250
[debug] [2026-09-27T14:54:35.625Z] Checked if tokens are valid: true, expires at: 1790524469250
[debug] [2026-09-27T14:54:35.627Z] [hosting] hash cache [ZGlzdA] stored for 6 files
[debug] [2026-09-27T14:54:35.627Z] [hosting][hash queue][FINAL] {"max":0,"min":0,"avg":0,"active":0,"complete":6,"success":6,"errored":0,"retried":0,"total":6,"elapsed":3}
[debug] [2026-09-27T14:54:35.627Z] >>> [apiv2][query] POST https://firebasehosting.googleapis.com/v1beta1/projects/781816318930/sites/match-bb30c/versions/c1ffcae892b68cfe:populateFiles [none]
[debug] [2026-09-27T14:54:35.627Z] >>> [apiv2][body] POST https://firebasehosting.googleapis.com/v1beta1/projects/781816318930/sites/match-bb30c/versions/c1ffcae892b68cfe:populateFiles {"files":{"/metadata.json":"59607d4abc28dbe25c04810f4160b1e785f320a28d51d4caf80c70367ec8b978","/index.html":"5ef5a289f10d25ce3bc68ce2f0500670e5cfde67a3bdea980440605c0af4c5c5","/favicon.ico":"3aa075641cdca4ab445cd3306616a835126e411730852ae3b366b2ec4a525acd","/_expo/static/js/web/index-202f5adecd19bb30b761772ad029ebbb.js":"2eb32102f563cf8ccc5000ea4fd28824f22bac1ffc078086ebe00a722e065ea5","/assets/assets/logo.bad0fbd8f610b9d2b23c3995f03e2bdc.jpg":"91626ae9540becf24ca2c3cdcf3a66d18bdae30613dd5de1deec8cf93213d958","/assets/assets/i.6ed753e49a6a1cccbc78cf170742d336.png":"565ecedd47dfe0bd1e536b8df912ec80ecbc39404c106680275ba62a72bc2279"}}
[debug] [2026-09-27T14:54:35.885Z] <<< [apiv2][status] POST https://upload-firebasehosting.googleapis.com/upload/sites/match-bb30c/versions/fcc0ccac3470c572/files/2eb32102f563cf8ccc5000ea4fd28824f22bac1ffc078086ebe00a722e065ea5 200
[debug] [2026-09-27T14:54:35.885Z] <<< [apiv2][body] POST https://upload-firebasehosting.googleapis.com/upload/sites/match-bb30c/versions/fcc0ccac3470c572/files/2eb32102f563cf8ccc5000ea4fd28824f22bac1ffc078086ebe00a722e065ea5 [stream]
[debug] [2026-09-27T14:54:35.906Z] <<< [apiv2][status] POST https://upload-firebasehosting.googleapis.com/upload/sites/match-bb30c/versions/fcc0ccac3470c572/files/5ef5a289f10d25ce3bc68ce2f0500670e5cfde67a3bdea980440605c0af4c5c5 200
[debug] [2026-09-27T14:54:35.906Z] <<< [apiv2][body] POST https://upload-firebasehosting.googleapis.com/upload/sites/match-bb30c/versions/fcc0ccac3470c572/files/5ef5a289f10d25ce3bc68ce2f0500670e5cfde67a3bdea980440605c0af4c5c5 [stream]
[debug] [2026-09-27T14:54:35.906Z] [hosting][upload queue][FINAL] {"max":1649,"min":1629,"avg":1639,"active":0,"complete":2,"success":2,"errored":0,"retried":0,"total":2,"elapsed":1650}
[info] i  hosting: upload complete 
[info] +  hosting[match-bb30c]: file upload complete 
[debug] [2026-09-27T14:54:35.907Z] [hosting] deploy completed after 2334ms
[debug] [2026-09-27T14:54:35.907Z] [
  {
    "config": {
      "public": "dist",
      "ignore": [
        "firebase.json",
        "**/.*",
        "**/node_modules/**"
      ],
      "rewrites": [
        {
          "source": "/api/**",
          "function": {
            "functionId": "api",
            "region": "us-central1"
          }
        },
        {
          "source": "**",
          "destination": "/index.html"
        }
      ],
      "site": "match-bb30c"
    },
    "version": "projects/781816318930/sites/match-bb30c/versions/fcc0ccac3470c572"
  }
]
[info] i  hosting[match-bb30c]: finalizing version... 
[debug] [2026-09-27T14:54:35.908Z] Checked if tokens are valid: true, expires at: 1790524469250
[debug] [2026-09-27T14:54:35.908Z] Checked if tokens are valid: true, expires at: 1790524469250
[debug] [2026-09-27T14:54:35.908Z] >>> [apiv2][query] GET https://cloudfunctions.googleapis.com/v1/projects/match-bb30c/locations/-/functions [none]
[debug] [2026-09-27T14:54:36.310Z] <<< [apiv2][status] POST https://firebasehosting.googleapis.com/v1beta1/projects/781816318930/sites/match-bb30c/versions/c1ffcae892b68cfe:populateFiles 200
[debug] [2026-09-27T14:54:36.310Z] <<< [apiv2][body] POST https://firebasehosting.googleapis.com/v1beta1/projects/781816318930/sites/match-bb30c/versions/c1ffcae892b68cfe:populateFiles {"uploadRequiredHashes":["2eb32102f563cf8ccc5000ea4fd28824f22bac1ffc078086ebe00a722e065ea5","5ef5a289f10d25ce3bc68ce2f0500670e5cfde67a3bdea980440605c0af4c5c5"],"uploadUrl":"https://upload-firebasehosting.googleapis.com/upload/sites/match-bb30c/versions/c1ffcae892b68cfe/files"}
[debug] [2026-09-27T14:54:36.310Z] Checked if tokens are valid: true, expires at: 1790524469250
[debug] [2026-09-27T14:54:36.310Z] Checked if tokens are valid: true, expires at: 1790524469250
[debug] [2026-09-27T14:54:36.311Z] Checked if tokens are valid: true, expires at: 1790524469250
[debug] [2026-09-27T14:54:36.311Z] Checked if tokens are valid: true, expires at: 1790524469250
[debug] [2026-09-27T14:54:36.311Z] >>> [apiv2][query] POST https://upload-firebasehosting.googleapis.com/upload/sites/match-bb30c/versions/c1ffcae892b68cfe/files/2eb32102f563cf8ccc5000ea4fd28824f22bac1ffc078086ebe00a722e065ea5 [none]
[debug] [2026-09-27T14:54:36.311Z] >>> [apiv2][body] POST https://upload-firebasehosting.googleapis.com/upload/sites/match-bb30c/versions/c1ffcae892b68cfe/files/2eb32102f563cf8ccc5000ea4fd28824f22bac1ffc078086ebe00a722e065ea5 [stream]
[debug] [2026-09-27T14:54:36.312Z] >>> [apiv2][query] POST https://upload-firebasehosting.googleapis.com/upload/sites/match-bb30c/versions/c1ffcae892b68cfe/files/5ef5a289f10d25ce3bc68ce2f0500670e5cfde67a3bdea980440605c0af4c5c5 [none]
[debug] [2026-09-27T14:54:36.312Z] >>> [apiv2][body] POST https://upload-firebasehosting.googleapis.com/upload/sites/match-bb30c/versions/c1ffcae892b68cfe/files/5ef5a289f10d25ce3bc68ce2f0500670e5cfde67a3bdea980440605c0af4c5c5 [stream]
[debug] [2026-09-27T14:54:36.315Z] [hosting][populate queue][FINAL] {"max":686,"min":686,"avg":686,"active":0,"complete":1,"success":1,"errored":0,"retried":0,"total":1,"elapsed":690}
[debug] [2026-09-27T14:54:36.315Z] [hosting] uploads queued: 2
[debug] [2026-09-27T14:54:36.805Z] <<< [apiv2][status] GET https://cloudfunctions.googleapis.com/v1/projects/match-bb30c/locations/-/functions 200
[debug] [2026-09-27T14:54:36.805Z] <<< [apiv2][body] GET https://cloudfunctions.googleapis.com/v1/projects/match-bb30c/locations/-/functions {}
[debug] [2026-09-27T14:54:36.805Z] Checked if tokens are valid: true, expires at: 1790524469250
[debug] [2026-09-27T14:54:36.806Z] Checked if tokens are valid: true, expires at: 1790524469250
[debug] [2026-09-27T14:54:36.806Z] >>> [apiv2][query] GET https://cloudfunctions.googleapis.com/v2/projects/match-bb30c/locations/-/functions filter=environment%3D%22GEN_2%22
[debug] [2026-09-27T14:54:37.617Z] <<< [apiv2][status] POST https://upload-firebasehosting.googleapis.com/upload/sites/match-bb30c/versions/c1ffcae892b68cfe/files/5ef5a289f10d25ce3bc68ce2f0500670e5cfde67a3bdea980440605c0af4c5c5 200
[debug] [2026-09-27T14:54:37.617Z] <<< [apiv2][body] POST https://upload-firebasehosting.googleapis.com/upload/sites/match-bb30c/versions/c1ffcae892b68cfe/files/5ef5a289f10d25ce3bc68ce2f0500670e5cfde67a3bdea980440605c0af4c5c5 [stream]
[info] i  hosting: uploading new files [1/2] (50%) 
[debug] [2026-09-27T14:54:37.709Z] <<< [apiv2][status] POST https://upload-firebasehosting.googleapis.com/upload/sites/match-bb30c/versions/c1ffcae892b68cfe/files/2eb32102f563cf8ccc5000ea4fd28824f22bac1ffc078086ebe00a722e065ea5 200
[debug] [2026-09-27T14:54:37.709Z] <<< [apiv2][body] POST https://upload-firebasehosting.googleapis.com/upload/sites/match-bb30c/versions/c1ffcae892b68cfe/files/2eb32102f563cf8ccc5000ea4fd28824f22bac1ffc078086ebe00a722e065ea5 [stream]
[debug] [2026-09-27T14:54:37.709Z] [hosting][upload queue][FINAL] {"max":1399,"min":1306,"avg":1352.5,"active":0,"complete":2,"success":2,"errored":0,"retried":0,"total":2,"elapsed":1399}
[info] i  hosting: upload complete 
[info] +  hosting[match-bb30c]: file upload complete 
[debug] [2026-09-27T14:54:37.710Z] [hosting] deploy completed after 2099ms
[debug] [2026-09-27T14:54:37.710Z] [
  {
    "config": {
      "public": "dist",
      "ignore": [
        "firebase.json",
        "**/.*",
        "**/node_modules/**"
      ],
      "rewrites": [
        {
          "source": "/api/**",
          "function": {
            "functionId": "api",
            "region": "us-central1"
          }
        },
        {
          "source": "**",
          "destination": "/index.html"
        }
      ],
      "site": "match-bb30c"
    },
    "version": "projects/781816318930/sites/match-bb30c/versions/c1ffcae892b68cfe"
  }
]
[info] i  hosting[match-bb30c]: finalizing version... 
[debug] [2026-09-27T14:54:37.711Z] Checked if tokens are valid: true, expires at: 1790524469250
[debug] [2026-09-27T14:54:37.711Z] Checked if tokens are valid: true, expires at: 1790524469250
[debug] [2026-09-27T14:54:37.711Z] >>> [apiv2][query] GET https://cloudfunctions.googleapis.com/v1/projects/match-bb30c/locations/-/functions [none]
[debug] [2026-09-27T14:54:38.426Z] <<< [apiv2][status] GET https://cloudfunctions.googleapis.com/v2/projects/match-bb30c/locations/-/functions 200
[debug] [2026-09-27T14:54:38.426Z] <<< [apiv2][body] GET https://cloudfunctions.googleapis.com/v2/projects/match-bb30c/locations/-/functions {}
[warn] !  hosting[match-bb30c]: Unable to find a valid endpoint for function `api`, but still including it in the config 
[debug] [2026-09-27T14:54:38.427Z] Checked if tokens are valid: true, expires at: 1790524469250
[debug] [2026-09-27T14:54:38.427Z] Checked if tokens are valid: true, expires at: 1790524469250
[debug] [2026-09-27T14:54:38.428Z] >>> [apiv2][query] PATCH https://firebasehosting.googleapis.com/v1beta1/projects/-/sites/match-bb30c/versions/fcc0ccac3470c572 updateMask=status%2Cconfig
[debug] [2026-09-27T14:54:38.428Z] >>> [apiv2][body] PATCH https://firebasehosting.googleapis.com/v1beta1/projects/-/sites/match-bb30c/versions/fcc0ccac3470c572 {"status":"FINALIZED","config":{"rewrites":[{"glob":"/api/**","function":"api","functionRegion":"us-central1"},{"glob":"**","path":"/index.html"}]}}
[debug] [2026-09-27T14:54:38.528Z] <<< [apiv2][status] GET https://cloudfunctions.googleapis.com/v1/projects/match-bb30c/locations/-/functions 200
[debug] [2026-09-27T14:54:38.528Z] <<< [apiv2][body] GET https://cloudfunctions.googleapis.com/v1/projects/match-bb30c/locations/-/functions {}
[debug] [2026-09-27T14:54:38.529Z] Checked if tokens are valid: true, expires at: 1790524469250
[debug] [2026-09-27T14:54:38.529Z] Checked if tokens are valid: true, expires at: 1790524469250
[debug] [2026-09-27T14:54:38.529Z] >>> [apiv2][query] GET https://cloudfunctions.googleapis.com/v2/projects/match-bb30c/locations/-/functions filter=environment%3D%22GEN_2%22
[debug] [2026-09-27T14:54:39.546Z] <<< [apiv2][status] PATCH https://firebasehosting.googleapis.com/v1beta1/projects/-/sites/match-bb30c/versions/fcc0ccac3470c572 200
[debug] [2026-09-27T14:54:39.546Z] <<< [apiv2][body] PATCH https://firebasehosting.googleapis.com/v1beta1/projects/-/sites/match-bb30c/versions/fcc0ccac3470c572 {"name":"projects/781816318930/sites/match-bb30c/versions/fcc0ccac3470c572","status":"FINALIZED","config":{"rewrites":[{"functionRegion":"us-central1","glob":"/api/**","function":"api"},{"glob":"**","path":"/index.html"}]},"labels":{"deployment-tool":"cli-firebase"},"createTime":"2026-09-27T14:54:41.377945Z","createUser":{"email":"phongdanai5555@gmail.com"},"finalizeTime":"2026-09-27T14:54:47.736626Z","finalizeUser":{"email":"phongdanai5555@gmail.com"}}
[debug] [2026-09-27T14:54:39.546Z] [hosting] finalized version for match-bb30c:[object Object]
[info] +  hosting[match-bb30c]: version finalized 
[info] i  hosting[match-bb30c]: releasing new version... 
[debug] [2026-09-27T14:54:39.547Z] Checked if tokens are valid: true, expires at: 1790524469250
[debug] [2026-09-27T14:54:39.547Z] Checked if tokens are valid: true, expires at: 1790524469250
[debug] [2026-09-27T14:54:39.547Z] >>> [apiv2][query] POST https://firebasehosting.googleapis.com/v1beta1/projects/-/sites/match-bb30c/channels/live/releases versionName=projects%2F781816318930%2Fsites%2Fmatch-bb30c%2Fversions%2Ffcc0ccac3470c572
[debug] [2026-09-27T14:54:39.547Z] >>> [apiv2][body] POST https://firebasehosting.googleapis.com/v1beta1/projects/-/sites/match-bb30c/channels/live/releases {}
[debug] [2026-09-27T14:54:40.138Z] <<< [apiv2][status] GET https://cloudfunctions.googleapis.com/v2/projects/match-bb30c/locations/-/functions 200
[debug] [2026-09-27T14:54:40.138Z] <<< [apiv2][body] GET https://cloudfunctions.googleapis.com/v2/projects/match-bb30c/locations/-/functions {}
[warn] !  hosting[match-bb30c]: Unable to find a valid endpoint for function `api`, but still including it in the config 
[debug] [2026-09-27T14:54:40.140Z] Checked if tokens are valid: true, expires at: 1790524469250
[debug] [2026-09-27T14:54:40.140Z] Checked if tokens are valid: true, expires at: 1790524469250
[debug] [2026-09-27T14:54:40.140Z] >>> [apiv2][query] PATCH https://firebasehosting.googleapis.com/v1beta1/projects/-/sites/match-bb30c/versions/c1ffcae892b68cfe updateMask=status%2Cconfig
[debug] [2026-09-27T14:54:40.141Z] >>> [apiv2][body] PATCH https://firebasehosting.googleapis.com/v1beta1/projects/-/sites/match-bb30c/versions/c1ffcae892b68cfe {"status":"FINALIZED","config":{"rewrites":[{"glob":"/api/**","function":"api","functionRegion":"us-central1"},{"glob":"**","path":"/index.html"}]}}
[debug] [2026-09-27T14:54:40.374Z] <<< [apiv2][status] POST https://firebasehosting.googleapis.com/v1beta1/projects/-/sites/match-bb30c/channels/live/releases 200
[debug] [2026-09-27T14:54:40.772Z] <<< [apiv2][status] PATCH https://firebasehosting.googleapis.com/v1beta1/projects/-/sites/match-bb30c/versions/c1ffcae892b68cfe 200
[debug] [2026-09-27T14:54:40.773Z] <<< [apiv2][body] PATCH https://firebasehosting.googleapis.com/v1beta1/projects/-/sites/match-bb30c/versions/c1ffcae892b68cfe {"name":"projects/781816318930/sites/match-bb30c/versions/c1ffcae892b68cfe","status":"FINALIZED","config":{"rewrites":[{"functionRegion":"us-central1","glob":"/api/**","function":"api"},{"glob":"**","path":"/index.html"}]},"labels":{"deployment-tool":"cli-firebase"},"createTime":"2026-09-27T14:54:43.441603Z","createUser":{"email":"phongdanai5555@gmail.com"},"finalizeTime":"2026-09-27T14:54:49.023277Z","finalizeUser":{"email":"phongdanai5555@gmail.com"}}
[debug] [2026-09-27T14:54:40.773Z] [hosting] finalized version for match-bb30c:[object Object]
[info] +  hosting[match-bb30c]: version finalized 
[info] i  hosting[match-bb30c]: releasing new version... 
[debug] [2026-09-27T14:54:40.773Z] Checked if tokens are valid: true, expires at: 1790524469250
[debug] [2026-09-27T14:54:40.773Z] Checked if tokens are valid: true, expires at: 1790524469250
[debug] [2026-09-27T14:54:40.773Z] >>> [apiv2][query] POST https://firebasehosting.googleapis.com/v1beta1/projects/-/sites/match-bb30c/channels/live/releases versionName=projects%2F781816318930%2Fsites%2Fmatch-bb30c%2Fversions%2Fc1ffcae892b68cfe
[debug] [2026-09-27T14:54:40.773Z] >>> [apiv2][body] POST https://firebasehosting.googleapis.com/v1beta1/projects/-/sites/match-bb30c/channels/live/releases {}
[debug] [2026-09-27T14:54:41.564Z] <<< [apiv2][status] POST https://firebasehosting.googleapis.com/v1beta1/projects/-/sites/match-bb30c/channels/live/releases 200
[debug] [2026-10-03T07:16:04.268Z] ----------------------------------------------------------------------
[debug] [2026-10-03T07:16:04.271Z] Command:       C:\Program Files\nodejs\node.exe C:\Users\phong\AppData\Roaming\npm\node_modules\firebase-tools\lib\bin\firebase.js deploy --only hosting
[debug] [2026-10-03T07:16:04.272Z] CLI Version:   15.25.1
[debug] [2026-10-03T07:16:04.272Z] Platform:      win32
[debug] [2026-10-03T07:16:04.272Z] Node Version:  v22.20.0
[debug] [2026-10-03T07:16:04.273Z] Detected Agent: codex_cli
[debug] [2026-10-03T07:16:04.273Z] Time:          Sat Oct 03 2026 14:16:04 GMT+0700 (เวลาอินโดจีน)
[debug] [2026-10-03T07:16:04.273Z] ----------------------------------------------------------------------
[debug] 
[debug] [2026-10-03T07:16:04.286Z] >>> [apiv2][query] GET https://firebase-public.firebaseio.com/cli.json [none]
[debug] [2026-10-03T07:16:24.317Z] > command requires scopes: ["email","openid","https://www.googleapis.com/auth/cloudplatformprojects.readonly","https://www.googleapis.com/auth/firebase","https://www.googleapis.com/auth/cloud-platform"]
[debug] [2026-10-03T07:16:24.318Z] > authorizing via signed-in user (phongdanai5555@gmail.com)
[debug] [2026-10-03T07:16:24.318Z] [iam] checking project match-bb30c for permissions ["firebase.projects.get","firebasehosting.sites.update"]
[debug] [2026-10-03T07:16:24.320Z] Checked if tokens are valid: false, expires at: 1790524469250
[debug] [2026-10-03T07:16:24.320Z] Checked if tokens are valid: false, expires at: 1790524469250
[debug] [2026-10-03T07:16:24.321Z] > refreshing access token with scopes: []
[debug] [2026-10-03T07:16:24.322Z] >>> [apiv2][query] POST https://www.googleapis.com/oauth2/v3/token [none]
[debug] [2026-10-03T07:16:24.323Z] >>> [apiv2][body] POST https://www.googleapis.com/oauth2/v3/token [omitted]
[debug] [2026-10-03T07:16:24.497Z] <<< [apiv2][status] POST https://www.googleapis.com/oauth2/v3/token 200
[debug] [2026-10-03T07:16:24.497Z] <<< [apiv2][body] POST https://www.googleapis.com/oauth2/v3/token [omitted]
[debug] [2026-10-03T07:16:24.512Z] >>> [apiv2][query] POST https://cloudresourcemanager.googleapis.com/v1/projects/match-bb30c:testIamPermissions [none]
[debug] [2026-10-03T07:16:24.513Z] >>> [apiv2][(partial)header] POST https://cloudresourcemanager.googleapis.com/v1/projects/match-bb30c:testIamPermissions  x-goog-user-project=match-bb30c
[debug] [2026-10-03T07:16:24.513Z] >>> [apiv2][body] POST https://cloudresourcemanager.googleapis.com/v1/projects/match-bb30c:testIamPermissions {"permissions":["firebase.projects.get","firebasehosting.sites.update"]}
[debug] [2026-10-03T07:16:24.828Z] <<< [apiv2][status] GET https://firebase-public.firebaseio.com/cli.json 200
[debug] [2026-10-03T07:16:24.828Z] <<< [apiv2][body] GET https://firebase-public.firebaseio.com/cli.json {"cloudBuildErrorAfter":1594252800000,"cloudBuildWarnAfter":1590019200000,"defaultNode10After":1594252800000,"minVersion":"3.0.5","node8DeploysDisabledAfter":1613390400000,"node8RuntimeDisabledAfter":1615809600000,"node8WarnAfter":1600128000000}
[debug] [2026-10-03T07:16:25.691Z] <<< [apiv2][status] POST https://cloudresourcemanager.googleapis.com/v1/projects/match-bb30c:testIamPermissions 200
[debug] [2026-10-03T07:16:25.691Z] <<< [apiv2][body] POST https://cloudresourcemanager.googleapis.com/v1/projects/match-bb30c:testIamPermissions {"permissions":["firebase.projects.get","firebasehosting.sites.update"]}
[debug] [2026-10-03T07:16:25.692Z] Checked if tokens are valid: true, expires at: 1791015383497
[debug] [2026-10-03T07:16:25.692Z] Checked if tokens are valid: true, expires at: 1791015383497
[debug] [2026-10-03T07:16:25.692Z] >>> [apiv2][query] GET https://firebase.googleapis.com/v1beta1/projects/match-bb30c [none]
[debug] [2026-10-03T07:16:26.422Z] <<< [apiv2][status] GET https://firebase.googleapis.com/v1beta1/projects/match-bb30c 200
[debug] [2026-10-03T07:16:26.422Z] <<< [apiv2][body] GET https://firebase.googleapis.com/v1beta1/projects/match-bb30c {"projectId":"match-bb30c","projectNumber":"781816318930","displayName":"match","name":"projects/match-bb30c","resources":{"hostingSite":"match-bb30c"},"state":"ACTIVE","labels":{"firebase":"enabled"},"etag":"1_e42c5cea-6269-4aaa-8b7a-1052cd41180e"}
[info] 
[info] === Deploying to 'match-bb30c'...
[info] 
[info] i  deploying hosting 
[debug] [2026-10-03T07:16:26.426Z] Checked if tokens are valid: true, expires at: 1791015383497
[debug] [2026-10-03T07:16:26.426Z] Checked if tokens are valid: true, expires at: 1791015383497
[debug] [2026-10-03T07:16:26.426Z] >>> [apiv2][query] GET https://firebasehosting.googleapis.com/v1beta1/projects/match-bb30c/sites/match-bb30c [none]
[debug] [2026-10-03T07:16:27.378Z] <<< [apiv2][status] GET https://firebasehosting.googleapis.com/v1beta1/projects/match-bb30c/sites/match-bb30c 200
[debug] [2026-10-03T07:16:27.379Z] <<< [apiv2][body] GET https://firebasehosting.googleapis.com/v1beta1/projects/match-bb30c/sites/match-bb30c {"name":"projects/match-bb30c/sites/match-bb30c","defaultUrl":"https://match-bb30c.web.app","type":"DEFAULT_SITE"}
[debug] [2026-10-03T07:16:27.380Z] Checked if tokens are valid: true, expires at: 1791015383497
[debug] [2026-10-03T07:16:27.380Z] Checked if tokens are valid: true, expires at: 1791015383497
[debug] [2026-10-03T07:16:27.380Z] >>> [apiv2][query] POST https://firebasehosting.googleapis.com/v1beta1/projects/-/sites/match-bb30c/versions [none]
[debug] [2026-10-03T07:16:27.380Z] >>> [apiv2][body] POST https://firebasehosting.googleapis.com/v1beta1/projects/-/sites/match-bb30c/versions {"status":"CREATED","labels":{"deployment-tool":"cli-firebase"}}
[debug] [2026-10-03T07:16:28.433Z] <<< [apiv2][status] POST https://firebasehosting.googleapis.com/v1beta1/projects/-/sites/match-bb30c/versions 200
[debug] [2026-10-03T07:16:28.433Z] <<< [apiv2][body] POST https://firebasehosting.googleapis.com/v1beta1/projects/-/sites/match-bb30c/versions {"name":"projects/781816318930/sites/match-bb30c/versions/4584aa983efb28b6","status":"CREATED","config":{},"labels":{"deployment-tool":"cli-firebase"}}
[info] i  hosting[match-bb30c]: beginning deploy... 
[info] i  hosting[match-bb30c]: found 6 files in dist 
[debug] [2026-10-03T07:16:28.445Z] [hosting] uploading with 200 concurrency
[debug] [2026-10-03T07:16:28.534Z] Checked if tokens are valid: true, expires at: 1791015383497
[debug] [2026-10-03T07:16:28.534Z] Checked if tokens are valid: true, expires at: 1791015383497
[debug] [2026-10-03T07:16:28.536Z] [hosting] hash cache [ZGlzdA] stored for 6 files
[debug] [2026-10-03T07:16:28.536Z] [hosting][hash queue][FINAL] {"max":84,"min":6,"avg":19.333333333333332,"active":0,"complete":6,"success":6,"errored":0,"retried":0,"total":6,"elapsed":88}
[debug] [2026-10-03T07:16:28.537Z] >>> [apiv2][query] POST https://firebasehosting.googleapis.com/v1beta1/projects/781816318930/sites/match-bb30c/versions/4584aa983efb28b6:populateFiles [none]
[debug] [2026-10-03T07:16:28.537Z] >>> [apiv2][body] POST https://firebasehosting.googleapis.com/v1beta1/projects/781816318930/sites/match-bb30c/versions/4584aa983efb28b6:populateFiles {"files":{"/metadata.json":"59607d4abc28dbe25c04810f4160b1e785f320a28d51d4caf80c70367ec8b978","/index.html":"4a26685ec5ff852f64d2d3a3eaa2f89d01ae080b6ecdd80b79b4c4d529fd89da","/favicon.ico":"3aa075641cdca4ab445cd3306616a835126e411730852ae3b366b2ec4a525acd","/assets/assets/i.6ed753e49a6a1cccbc78cf170742d336.png":"565ecedd47dfe0bd1e536b8df912ec80ecbc39404c106680275ba62a72bc2279","/assets/assets/logo.bad0fbd8f610b9d2b23c3995f03e2bdc.jpg":"91626ae9540becf24ca2c3cdcf3a66d18bdae30613dd5de1deec8cf93213d958","/_expo/static/js/web/index-e3e786abb39d77ab28ac05a61a33df8f.js":"d02887f5daa1d450fc037aa9417e224381c2c18767fa6835ce9ec2b8d4b344e3"}}
[debug] [2026-10-03T07:16:27.665Z] ----------------------------------------------------------------------
[debug] [2026-10-03T07:16:27.668Z] Command:       C:\Program Files\nodejs\node.exe C:\Users\phong\AppData\Roaming\npm\node_modules\firebase-tools\lib\bin\firebase.js deploy --only hosting
[debug] [2026-10-03T07:16:27.668Z] CLI Version:   15.25.1
[debug] [2026-10-03T07:16:27.669Z] Platform:      win32
[debug] [2026-10-03T07:16:27.669Z] Node Version:  v22.20.0
[debug] [2026-10-03T07:16:27.669Z] Detected Agent: codex_cli
[debug] [2026-10-03T07:16:27.669Z] Time:          Sat Oct 03 2026 14:16:27 GMT+0700 (เวลาอินโดจีน)
[debug] [2026-10-03T07:16:27.669Z] ----------------------------------------------------------------------
[debug] 
[debug] [2026-10-03T07:16:28.814Z] > command requires scopes: ["email","openid","https://www.googleapis.com/auth/cloudplatformprojects.readonly","https://www.googleapis.com/auth/firebase","https://www.googleapis.com/auth/cloud-platform"]
[debug] [2026-10-03T07:16:28.814Z] > authorizing via signed-in user (phongdanai5555@gmail.com)
[debug] [2026-10-03T07:16:28.814Z] [iam] checking project match-bb30c for permissions ["firebase.projects.get","firebasehosting.sites.update"]
[debug] [2026-10-03T07:16:28.825Z] Checked if tokens are valid: true, expires at: 1791015383497
[debug] [2026-10-03T07:16:28.826Z] Checked if tokens are valid: true, expires at: 1791015383497
[debug] [2026-10-03T07:16:28.828Z] >>> [apiv2][query] POST https://cloudresourcemanager.googleapis.com/v1/projects/match-bb30c:testIamPermissions [none]
[debug] [2026-10-03T07:16:28.828Z] >>> [apiv2][(partial)header] POST https://cloudresourcemanager.googleapis.com/v1/projects/match-bb30c:testIamPermissions  x-goog-user-project=match-bb30c
[debug] [2026-10-03T07:16:28.828Z] >>> [apiv2][body] POST https://cloudresourcemanager.googleapis.com/v1/projects/match-bb30c:testIamPermissions {"permissions":["firebase.projects.get","firebasehosting.sites.update"]}
[debug] [2026-10-03T07:16:29.470Z] <<< [apiv2][status] POST https://firebasehosting.googleapis.com/v1beta1/projects/781816318930/sites/match-bb30c/versions/4584aa983efb28b6:populateFiles 200
[debug] [2026-10-03T07:16:29.471Z] <<< [apiv2][body] POST https://firebasehosting.googleapis.com/v1beta1/projects/781816318930/sites/match-bb30c/versions/4584aa983efb28b6:populateFiles {"uploadRequiredHashes":["d02887f5daa1d450fc037aa9417e224381c2c18767fa6835ce9ec2b8d4b344e3","4a26685ec5ff852f64d2d3a3eaa2f89d01ae080b6ecdd80b79b4c4d529fd89da"],"uploadUrl":"https://upload-firebasehosting.googleapis.com/upload/sites/match-bb30c/versions/4584aa983efb28b6/files"}
[debug] [2026-10-03T07:16:29.471Z] Checked if tokens are valid: true, expires at: 1791015383497
[debug] [2026-10-03T07:16:29.471Z] Checked if tokens are valid: true, expires at: 1791015383497
[debug] [2026-10-03T07:16:29.471Z] Checked if tokens are valid: true, expires at: 1791015383497
[debug] [2026-10-03T07:16:29.472Z] Checked if tokens are valid: true, expires at: 1791015383497
[debug] [2026-10-03T07:16:29.472Z] >>> [apiv2][query] POST https://upload-firebasehosting.googleapis.com/upload/sites/match-bb30c/versions/4584aa983efb28b6/files/d02887f5daa1d450fc037aa9417e224381c2c18767fa6835ce9ec2b8d4b344e3 [none]
[debug] [2026-10-03T07:16:29.472Z] >>> [apiv2][body] POST https://upload-firebasehosting.googleapis.com/upload/sites/match-bb30c/versions/4584aa983efb28b6/files/d02887f5daa1d450fc037aa9417e224381c2c18767fa6835ce9ec2b8d4b344e3 [stream]
[debug] [2026-10-03T07:16:29.474Z] >>> [apiv2][query] POST https://upload-firebasehosting.googleapis.com/upload/sites/match-bb30c/versions/4584aa983efb28b6/files/4a26685ec5ff852f64d2d3a3eaa2f89d01ae080b6ecdd80b79b4c4d529fd89da [none]
[debug] [2026-10-03T07:16:29.474Z] >>> [apiv2][body] POST https://upload-firebasehosting.googleapis.com/upload/sites/match-bb30c/versions/4584aa983efb28b6/files/4a26685ec5ff852f64d2d3a3eaa2f89d01ae080b6ecdd80b79b4c4d529fd89da [stream]
[debug] [2026-10-03T07:16:29.476Z] [hosting][populate queue][FINAL] {"max":938,"min":938,"avg":938,"active":0,"complete":1,"success":1,"errored":0,"retried":0,"total":1,"elapsed":942}
[debug] [2026-10-03T07:16:29.476Z] [hosting] uploads queued: 2
[debug] [2026-10-03T07:16:29.973Z] <<< [apiv2][status] POST https://cloudresourcemanager.googleapis.com/v1/projects/match-bb30c:testIamPermissions 200
[debug] [2026-10-03T07:16:29.973Z] <<< [apiv2][body] POST https://cloudresourcemanager.googleapis.com/v1/projects/match-bb30c:testIamPermissions {"permissions":["firebase.projects.get","firebasehosting.sites.update"]}
[debug] [2026-10-03T07:16:29.974Z] Checked if tokens are valid: true, expires at: 1791015383497
[debug] [2026-10-03T07:16:29.974Z] Checked if tokens are valid: true, expires at: 1791015383497
[debug] [2026-10-03T07:16:29.974Z] >>> [apiv2][query] GET https://firebase.googleapis.com/v1beta1/projects/match-bb30c [none]
[info] i  hosting: uploading new files [0/2] (0%) 
[debug] [2026-10-03T07:16:30.676Z] <<< [apiv2][status] GET https://firebase.googleapis.com/v1beta1/projects/match-bb30c 200
[debug] [2026-10-03T07:16:30.676Z] <<< [apiv2][body] GET https://firebase.googleapis.com/v1beta1/projects/match-bb30c {"projectId":"match-bb30c","projectNumber":"781816318930","displayName":"match","name":"projects/match-bb30c","resources":{"hostingSite":"match-bb30c"},"state":"ACTIVE","labels":{"firebase":"enabled"},"etag":"1_e42c5cea-6269-4aaa-8b7a-1052cd41180e"}
[info] 
[info] === Deploying to 'match-bb30c'...
[info] 
[info] i  deploying hosting 
[debug] [2026-10-03T07:16:30.680Z] Checked if tokens are valid: true, expires at: 1791015383497
[debug] [2026-10-03T07:16:30.681Z] Checked if tokens are valid: true, expires at: 1791015383497
[debug] [2026-10-03T07:16:30.681Z] >>> [apiv2][query] GET https://firebasehosting.googleapis.com/v1beta1/projects/match-bb30c/sites/match-bb30c [none]
[debug] [2026-10-03T07:16:31.257Z] <<< [apiv2][status] POST https://upload-firebasehosting.googleapis.com/upload/sites/match-bb30c/versions/4584aa983efb28b6/files/4a26685ec5ff852f64d2d3a3eaa2f89d01ae080b6ecdd80b79b4c4d529fd89da 200
[debug] [2026-10-03T07:16:31.258Z] <<< [apiv2][body] POST https://upload-firebasehosting.googleapis.com/upload/sites/match-bb30c/versions/4584aa983efb28b6/files/4a26685ec5ff852f64d2d3a3eaa2f89d01ae080b6ecdd80b79b4c4d529fd89da [stream]
[debug] [2026-10-03T07:16:31.761Z] <<< [apiv2][status] GET https://firebasehosting.googleapis.com/v1beta1/projects/match-bb30c/sites/match-bb30c 200
[debug] [2026-10-03T07:16:31.761Z] <<< [apiv2][body] GET https://firebasehosting.googleapis.com/v1beta1/projects/match-bb30c/sites/match-bb30c {"name":"projects/match-bb30c/sites/match-bb30c","defaultUrl":"https://match-bb30c.web.app","type":"DEFAULT_SITE"}
[debug] [2026-10-03T07:16:31.763Z] Checked if tokens are valid: true, expires at: 1791015383497
[debug] [2026-10-03T07:16:31.763Z] Checked if tokens are valid: true, expires at: 1791015383497
[debug] [2026-10-03T07:16:31.763Z] >>> [apiv2][query] POST https://firebasehosting.googleapis.com/v1beta1/projects/-/sites/match-bb30c/versions [none]
[debug] [2026-10-03T07:16:31.763Z] >>> [apiv2][body] POST https://firebasehosting.googleapis.com/v1beta1/projects/-/sites/match-bb30c/versions {"status":"CREATED","labels":{"deployment-tool":"cli-firebase"}}
[debug] [2026-10-03T07:16:31.825Z] <<< [apiv2][status] POST https://upload-firebasehosting.googleapis.com/upload/sites/match-bb30c/versions/4584aa983efb28b6/files/d02887f5daa1d450fc037aa9417e224381c2c18767fa6835ce9ec2b8d4b344e3 200
[debug] [2026-10-03T07:16:31.825Z] <<< [apiv2][body] POST https://upload-firebasehosting.googleapis.com/upload/sites/match-bb30c/versions/4584aa983efb28b6/files/d02887f5daa1d450fc037aa9417e224381c2c18767fa6835ce9ec2b8d4b344e3 [stream]
[debug] [2026-10-03T07:16:31.825Z] [hosting][upload queue][FINAL] {"max":2354,"min":1787,"avg":2070.5,"active":0,"complete":2,"success":2,"errored":0,"retried":0,"total":2,"elapsed":2354}
[info] i  hosting: upload complete 
[info] +  hosting[match-bb30c]: file upload complete 
[debug] [2026-10-03T07:16:31.826Z] [hosting] deploy completed after 3391ms
[debug] [2026-10-03T07:16:31.826Z] [
  {
    "config": {
      "public": "dist",
      "ignore": [
        "firebase.json",
        "**/.*",
        "**/node_modules/**"
      ],
      "rewrites": [
        {
          "source": "/api/**",
          "function": {
            "functionId": "api",
            "region": "us-central1"
          }
        },
        {
          "source": "**",
          "destination": "/index.html"
        }
      ],
      "site": "match-bb30c"
    },
    "version": "projects/781816318930/sites/match-bb30c/versions/4584aa983efb28b6"
  }
]
[info] i  hosting[match-bb30c]: finalizing version... 
[debug] [2026-10-03T07:16:31.828Z] Checked if tokens are valid: true, expires at: 1791015383497
[debug] [2026-10-03T07:16:31.828Z] Checked if tokens are valid: true, expires at: 1791015383497
[debug] [2026-10-03T07:16:31.828Z] >>> [apiv2][query] GET https://cloudfunctions.googleapis.com/v1/projects/match-bb30c/locations/-/functions [none]
[debug] [2026-10-03T07:16:32.743Z] <<< [apiv2][status] POST https://firebasehosting.googleapis.com/v1beta1/projects/-/sites/match-bb30c/versions 200
[debug] [2026-10-03T07:16:32.743Z] <<< [apiv2][body] POST https://firebasehosting.googleapis.com/v1beta1/projects/-/sites/match-bb30c/versions {"name":"projects/781816318930/sites/match-bb30c/versions/4ce69d2f5641cbb4","status":"CREATED","config":{},"labels":{"deployment-tool":"cli-firebase"}}
[info] i  hosting[match-bb30c]: beginning deploy... 
[info] i  hosting[match-bb30c]: found 6 files in dist 
[debug] [2026-10-03T07:16:32.758Z] [hosting] uploading with 200 concurrency
[debug] [2026-10-03T07:16:32.763Z] Checked if tokens are valid: true, expires at: 1791015383497
[debug] [2026-10-03T07:16:32.763Z] Checked if tokens are valid: true, expires at: 1791015383497
[debug] [2026-10-03T07:16:32.764Z] [hosting] hash cache [ZGlzdA] stored for 6 files
[debug] [2026-10-03T07:16:32.764Z] [hosting][hash queue][FINAL] {"max":1,"min":0,"avg":0,"active":0,"complete":6,"success":6,"errored":0,"retried":0,"total":6,"elapsed":3}
[debug] [2026-10-03T07:16:32.765Z] >>> [apiv2][query] POST https://firebasehosting.googleapis.com/v1beta1/projects/781816318930/sites/match-bb30c/versions/4ce69d2f5641cbb4:populateFiles [none]
[debug] [2026-10-03T07:16:32.765Z] >>> [apiv2][body] POST https://firebasehosting.googleapis.com/v1beta1/projects/781816318930/sites/match-bb30c/versions/4ce69d2f5641cbb4:populateFiles {"files":{"/metadata.json":"59607d4abc28dbe25c04810f4160b1e785f320a28d51d4caf80c70367ec8b978","/index.html":"4a26685ec5ff852f64d2d3a3eaa2f89d01ae080b6ecdd80b79b4c4d529fd89da","/favicon.ico":"3aa075641cdca4ab445cd3306616a835126e411730852ae3b366b2ec4a525acd","/_expo/static/js/web/index-e3e786abb39d77ab28ac05a61a33df8f.js":"d02887f5daa1d450fc037aa9417e224381c2c18767fa6835ce9ec2b8d4b344e3","/assets/assets/logo.bad0fbd8f610b9d2b23c3995f03e2bdc.jpg":"91626ae9540becf24ca2c3cdcf3a66d18bdae30613dd5de1deec8cf93213d958","/assets/assets/i.6ed753e49a6a1cccbc78cf170742d336.png":"565ecedd47dfe0bd1e536b8df912ec80ecbc39404c106680275ba62a72bc2279"}}
[debug] [2026-10-03T07:16:32.973Z] <<< [apiv2][status] GET https://cloudfunctions.googleapis.com/v1/projects/match-bb30c/locations/-/functions 200
[debug] [2026-10-03T07:16:32.973Z] <<< [apiv2][body] GET https://cloudfunctions.googleapis.com/v1/projects/match-bb30c/locations/-/functions {}
[debug] [2026-10-03T07:16:32.973Z] Checked if tokens are valid: true, expires at: 1791015383497
[debug] [2026-10-03T07:16:32.974Z] Checked if tokens are valid: true, expires at: 1791015383497
[debug] [2026-10-03T07:16:32.974Z] >>> [apiv2][query] GET https://cloudfunctions.googleapis.com/v2/projects/match-bb30c/locations/-/functions filter=environment%3D%22GEN_2%22
[debug] [2026-10-03T07:16:33.727Z] <<< [apiv2][status] POST https://firebasehosting.googleapis.com/v1beta1/projects/781816318930/sites/match-bb30c/versions/4ce69d2f5641cbb4:populateFiles 200
[debug] [2026-10-03T07:16:33.727Z] <<< [apiv2][body] POST https://firebasehosting.googleapis.com/v1beta1/projects/781816318930/sites/match-bb30c/versions/4ce69d2f5641cbb4:populateFiles {"uploadRequiredHashes":["4a26685ec5ff852f64d2d3a3eaa2f89d01ae080b6ecdd80b79b4c4d529fd89da","d02887f5daa1d450fc037aa9417e224381c2c18767fa6835ce9ec2b8d4b344e3"],"uploadUrl":"https://upload-firebasehosting.googleapis.com/upload/sites/match-bb30c/versions/4ce69d2f5641cbb4/files"}
[debug] [2026-10-03T07:16:33.728Z] Checked if tokens are valid: true, expires at: 1791015383497
[debug] [2026-10-03T07:16:33.728Z] Checked if tokens are valid: true, expires at: 1791015383497
[debug] [2026-10-03T07:16:33.728Z] Checked if tokens are valid: true, expires at: 1791015383497
[debug] [2026-10-03T07:16:33.728Z] Checked if tokens are valid: true, expires at: 1791015383497
[debug] [2026-10-03T07:16:33.729Z] >>> [apiv2][query] POST https://upload-firebasehosting.googleapis.com/upload/sites/match-bb30c/versions/4ce69d2f5641cbb4/files/4a26685ec5ff852f64d2d3a3eaa2f89d01ae080b6ecdd80b79b4c4d529fd89da [none]
[debug] [2026-10-03T07:16:33.729Z] >>> [apiv2][body] POST https://upload-firebasehosting.googleapis.com/upload/sites/match-bb30c/versions/4ce69d2f5641cbb4/files/4a26685ec5ff852f64d2d3a3eaa2f89d01ae080b6ecdd80b79b4c4d529fd89da [stream]
[debug] [2026-10-03T07:16:33.730Z] >>> [apiv2][query] POST https://upload-firebasehosting.googleapis.com/upload/sites/match-bb30c/versions/4ce69d2f5641cbb4/files/d02887f5daa1d450fc037aa9417e224381c2c18767fa6835ce9ec2b8d4b344e3 [none]
[debug] [2026-10-03T07:16:33.730Z] >>> [apiv2][body] POST https://upload-firebasehosting.googleapis.com/upload/sites/match-bb30c/versions/4ce69d2f5641cbb4/files/d02887f5daa1d450fc037aa9417e224381c2c18767fa6835ce9ec2b8d4b344e3 [stream]
[debug] [2026-10-03T07:16:33.733Z] [hosting][populate queue][FINAL] {"max":965,"min":965,"avg":965,"active":0,"complete":1,"success":1,"errored":0,"retried":0,"total":1,"elapsed":970}
[debug] [2026-10-03T07:16:33.733Z] [hosting] uploads queued: 2
[debug] [2026-10-03T07:16:34.619Z] <<< [apiv2][status] GET https://cloudfunctions.googleapis.com/v2/projects/match-bb30c/locations/-/functions 200
[debug] [2026-10-03T07:16:34.619Z] <<< [apiv2][body] GET https://cloudfunctions.googleapis.com/v2/projects/match-bb30c/locations/-/functions {}
[warn] !  hosting[match-bb30c]: Unable to find a valid endpoint for function `api`, but still including it in the config 
[debug] [2026-10-03T07:16:34.621Z] Checked if tokens are valid: true, expires at: 1791015383497
[debug] [2026-10-03T07:16:34.621Z] Checked if tokens are valid: true, expires at: 1791015383497
[debug] [2026-10-03T07:16:34.621Z] >>> [apiv2][query] PATCH https://firebasehosting.googleapis.com/v1beta1/projects/-/sites/match-bb30c/versions/4584aa983efb28b6 updateMask=status%2Cconfig
[debug] [2026-10-03T07:16:34.621Z] >>> [apiv2][body] PATCH https://firebasehosting.googleapis.com/v1beta1/projects/-/sites/match-bb30c/versions/4584aa983efb28b6 {"status":"FINALIZED","config":{"rewrites":[{"glob":"/api/**","function":"api","functionRegion":"us-central1"},{"glob":"**","path":"/index.html"}]}}
[info] i  hosting: uploading new files [0/2] (0%) 
[debug] [2026-10-03T07:16:35.403Z] <<< [apiv2][status] POST https://upload-firebasehosting.googleapis.com/upload/sites/match-bb30c/versions/4ce69d2f5641cbb4/files/4a26685ec5ff852f64d2d3a3eaa2f89d01ae080b6ecdd80b79b4c4d529fd89da 200
[debug] [2026-10-03T07:16:35.404Z] <<< [apiv2][body] POST https://upload-firebasehosting.googleapis.com/upload/sites/match-bb30c/versions/4ce69d2f5641cbb4/files/4a26685ec5ff852f64d2d3a3eaa2f89d01ae080b6ecdd80b79b4c4d529fd89da [stream]
[debug] [2026-10-03T07:16:35.417Z] <<< [apiv2][status] POST https://upload-firebasehosting.googleapis.com/upload/sites/match-bb30c/versions/4ce69d2f5641cbb4/files/d02887f5daa1d450fc037aa9417e224381c2c18767fa6835ce9ec2b8d4b344e3 200
[debug] [2026-10-03T07:16:35.417Z] <<< [apiv2][body] POST https://upload-firebasehosting.googleapis.com/upload/sites/match-bb30c/versions/4ce69d2f5641cbb4/files/d02887f5daa1d450fc037aa9417e224381c2c18767fa6835ce9ec2b8d4b344e3 [stream]
[debug] [2026-10-03T07:16:35.417Z] [hosting][upload queue][FINAL] {"max":1689,"min":1677,"avg":1683,"active":0,"complete":2,"success":2,"errored":0,"retried":0,"total":2,"elapsed":1690}
[info] i  hosting: upload complete 
[info] +  hosting[match-bb30c]: file upload complete 
[debug] [2026-10-03T07:16:35.418Z] [hosting] deploy completed after 2672ms
[debug] [2026-10-03T07:16:35.418Z] [
  {
    "config": {
      "public": "dist",
      "ignore": [
        "firebase.json",
        "**/.*",
        "**/node_modules/**"
      ],
      "rewrites": [
        {
          "source": "/api/**",
          "function": {
            "functionId": "api",
            "region": "us-central1"
          }
        },
        {
          "source": "**",
          "destination": "/index.html"
        }
      ],
      "site": "match-bb30c"
    },
    "version": "projects/781816318930/sites/match-bb30c/versions/4ce69d2f5641cbb4"
  }
]
[info] i  hosting[match-bb30c]: finalizing version... 
[debug] [2026-10-03T07:16:35.420Z] Checked if tokens are valid: true, expires at: 1791015383497
[debug] [2026-10-03T07:16:35.420Z] Checked if tokens are valid: true, expires at: 1791015383497
[debug] [2026-10-03T07:16:35.420Z] >>> [apiv2][query] GET https://cloudfunctions.googleapis.com/v1/projects/match-bb30c/locations/-/functions [none]
[debug] [2026-10-03T07:16:35.734Z] <<< [apiv2][status] PATCH https://firebasehosting.googleapis.com/v1beta1/projects/-/sites/match-bb30c/versions/4584aa983efb28b6 200
[debug] [2026-10-03T07:16:35.734Z] <<< [apiv2][body] PATCH https://firebasehosting.googleapis.com/v1beta1/projects/-/sites/match-bb30c/versions/4584aa983efb28b6 {"name":"projects/781816318930/sites/match-bb30c/versions/4584aa983efb28b6","status":"FINALIZED","config":{"rewrites":[{"functionRegion":"us-central1","glob":"/api/**","function":"api"},{"glob":"**","path":"/index.html"}]},"labels":{"deployment-tool":"cli-firebase"},"createTime":"2026-10-03T07:16:36.914469Z","createUser":{"email":"phongdanai5555@gmail.com"},"finalizeTime":"2026-10-03T07:16:44.661724Z","finalizeUser":{"email":"phongdanai5555@gmail.com"}}
[debug] [2026-10-03T07:16:35.734Z] [hosting] finalized version for match-bb30c:[object Object]
[info] +  hosting[match-bb30c]: version finalized 
[info] i  hosting[match-bb30c]: releasing new version... 
[debug] [2026-10-03T07:16:35.735Z] Checked if tokens are valid: true, expires at: 1791015383497
[debug] [2026-10-03T07:16:35.735Z] Checked if tokens are valid: true, expires at: 1791015383497
[debug] [2026-10-03T07:16:35.735Z] >>> [apiv2][query] POST https://firebasehosting.googleapis.com/v1beta1/projects/-/sites/match-bb30c/channels/live/releases versionName=projects%2F781816318930%2Fsites%2Fmatch-bb30c%2Fversions%2F4584aa983efb28b6
[debug] [2026-10-03T07:16:35.735Z] >>> [apiv2][body] POST https://firebasehosting.googleapis.com/v1beta1/projects/-/sites/match-bb30c/channels/live/releases {}
[debug] [2026-10-03T07:16:36.501Z] <<< [apiv2][status] POST https://firebasehosting.googleapis.com/v1beta1/projects/-/sites/match-bb30c/channels/live/releases 200
[debug] [2026-10-03T07:16:36.500Z] <<< [apiv2][status] GET https://cloudfunctions.googleapis.com/v1/projects/match-bb30c/locations/-/functions 200
[debug] [2026-10-03T07:16:36.500Z] <<< [apiv2][body] GET https://cloudfunctions.googleapis.com/v1/projects/match-bb30c/locations/-/functions {}
[debug] [2026-10-03T07:16:36.501Z] Checked if tokens are valid: true, expires at: 1791015383497
[debug] [2026-10-03T07:16:36.501Z] Checked if tokens are valid: true, expires at: 1791015383497
[debug] [2026-10-03T07:16:36.502Z] >>> [apiv2][query] GET https://cloudfunctions.googleapis.com/v2/projects/match-bb30c/locations/-/functions filter=environment%3D%22GEN_2%22
[debug] [2026-10-03T07:16:38.281Z] <<< [apiv2][status] GET https://cloudfunctions.googleapis.com/v2/projects/match-bb30c/locations/-/functions 200
[debug] [2026-10-03T07:16:38.281Z] <<< [apiv2][body] GET https://cloudfunctions.googleapis.com/v2/projects/match-bb30c/locations/-/functions {}
[warn] !  hosting[match-bb30c]: Unable to find a valid endpoint for function `api`, but still including it in the config 
[debug] [2026-10-03T07:16:38.284Z] Checked if tokens are valid: true, expires at: 1791015383497
[debug] [2026-10-03T07:16:38.284Z] Checked if tokens are valid: true, expires at: 1791015383497
[debug] [2026-10-03T07:16:38.284Z] >>> [apiv2][query] PATCH https://firebasehosting.googleapis.com/v1beta1/projects/-/sites/match-bb30c/versions/4ce69d2f5641cbb4 updateMask=status%2Cconfig
[debug] [2026-10-03T07:16:38.284Z] >>> [apiv2][body] PATCH https://firebasehosting.googleapis.com/v1beta1/projects/-/sites/match-bb30c/versions/4ce69d2f5641cbb4 {"status":"FINALIZED","config":{"rewrites":[{"glob":"/api/**","function":"api","functionRegion":"us-central1"},{"glob":"**","path":"/index.html"}]}}
[debug] [2026-10-03T07:16:39.415Z] <<< [apiv2][status] PATCH https://firebasehosting.googleapis.com/v1beta1/projects/-/sites/match-bb30c/versions/4ce69d2f5641cbb4 200
[debug] [2026-10-03T07:16:39.415Z] <<< [apiv2][body] PATCH https://firebasehosting.googleapis.com/v1beta1/projects/-/sites/match-bb30c/versions/4ce69d2f5641cbb4 {"name":"projects/781816318930/sites/match-bb30c/versions/4ce69d2f5641cbb4","status":"FINALIZED","config":{"rewrites":[{"functionRegion":"us-central1","glob":"/api/**","function":"api"},{"glob":"**","path":"/index.html"}]},"labels":{"deployment-tool":"cli-firebase"},"createTime":"2026-10-03T07:16:41.245097Z","createUser":{"email":"phongdanai5555@gmail.com"},"finalizeTime":"2026-10-03T07:16:48.317771Z","finalizeUser":{"email":"phongdanai5555@gmail.com"}}
[debug] [2026-10-03T07:16:39.415Z] [hosting] finalized version for match-bb30c:[object Object]
[info] +  hosting[match-bb30c]: version finalized 
[info] i  hosting[match-bb30c]: releasing new version... 
[debug] [2026-10-03T07:16:39.415Z] Checked if tokens are valid: true, expires at: 1791015383497
[debug] [2026-10-03T07:16:39.415Z] Checked if tokens are valid: true, expires at: 1791015383497
[debug] [2026-10-03T07:16:39.415Z] >>> [apiv2][query] POST https://firebasehosting.googleapis.com/v1beta1/projects/-/sites/match-bb30c/channels/live/releases versionName=projects%2F781816318930%2Fsites%2Fmatch-bb30c%2Fversions%2F4ce69d2f5641cbb4
[debug] [2026-10-03T07:16:39.415Z] >>> [apiv2][body] POST https://firebasehosting.googleapis.com/v1beta1/projects/-/sites/match-bb30c/channels/live/releases {}
[debug] [2026-10-03T07:16:40.194Z] <<< [apiv2][status] POST https://firebasehosting.googleapis.com/v1beta1/projects/-/sites/match-bb30c/channels/live/releases 200
[debug] [2026-10-03T07:32:32.129Z] ----------------------------------------------------------------------
[debug] [2026-10-03T07:32:32.132Z] Command:       C:\Program Files\nodejs\node.exe C:\Users\phong\AppData\Roaming\npm\node_modules\firebase-tools\lib\bin\firebase.js deploy --only hosting
[debug] [2026-10-03T07:32:32.132Z] CLI Version:   15.25.1
[debug] [2026-10-03T07:32:32.133Z] Platform:      win32
[debug] [2026-10-03T07:32:32.133Z] Node Version:  v22.20.0
[debug] [2026-10-03T07:32:32.133Z] Detected Agent: codex_cli
[debug] [2026-10-03T07:32:32.134Z] Time:          Sat Oct 03 2026 14:32:32 GMT+0700 (เวลาอินโดจีน)
[debug] [2026-10-03T07:32:32.134Z] ----------------------------------------------------------------------
[debug] 
[debug] [2026-10-03T07:32:33.294Z] > command requires scopes: ["email","openid","https://www.googleapis.com/auth/cloudplatformprojects.readonly","https://www.googleapis.com/auth/firebase","https://www.googleapis.com/auth/cloud-platform"]
[debug] [2026-10-03T07:32:33.295Z] > authorizing via signed-in user (phongdanai5555@gmail.com)
[debug] [2026-10-03T07:32:33.295Z] [iam] checking project match-bb30c for permissions ["firebase.projects.get","firebasehosting.sites.update"]
[debug] [2026-10-03T07:32:33.304Z] Checked if tokens are valid: true, expires at: 1791015383497
[debug] [2026-10-03T07:32:33.304Z] Checked if tokens are valid: true, expires at: 1791015383497
[debug] [2026-10-03T07:32:33.305Z] >>> [apiv2][query] POST https://cloudresourcemanager.googleapis.com/v1/projects/match-bb30c:testIamPermissions [none]
[debug] [2026-10-03T07:32:33.305Z] >>> [apiv2][(partial)header] POST https://cloudresourcemanager.googleapis.com/v1/projects/match-bb30c:testIamPermissions  x-goog-user-project=match-bb30c
[debug] [2026-10-03T07:32:33.306Z] >>> [apiv2][body] POST https://cloudresourcemanager.googleapis.com/v1/projects/match-bb30c:testIamPermissions {"permissions":["firebase.projects.get","firebasehosting.sites.update"]}
[debug] [2026-10-03T07:32:34.494Z] <<< [apiv2][status] POST https://cloudresourcemanager.googleapis.com/v1/projects/match-bb30c:testIamPermissions 200
[debug] [2026-10-03T07:32:34.494Z] <<< [apiv2][body] POST https://cloudresourcemanager.googleapis.com/v1/projects/match-bb30c:testIamPermissions {"permissions":["firebase.projects.get","firebasehosting.sites.update"]}
[debug] [2026-10-03T07:32:34.494Z] Checked if tokens are valid: true, expires at: 1791015383497
[debug] [2026-10-03T07:32:34.495Z] Checked if tokens are valid: true, expires at: 1791015383497
[debug] [2026-10-03T07:32:34.495Z] >>> [apiv2][query] GET https://firebase.googleapis.com/v1beta1/projects/match-bb30c [none]
[debug] [2026-10-03T07:32:34.974Z] <<< [apiv2][status] GET https://firebase.googleapis.com/v1beta1/projects/match-bb30c 200
[debug] [2026-10-03T07:32:34.974Z] <<< [apiv2][body] GET https://firebase.googleapis.com/v1beta1/projects/match-bb30c {"projectId":"match-bb30c","projectNumber":"781816318930","displayName":"match","name":"projects/match-bb30c","resources":{"hostingSite":"match-bb30c"},"state":"ACTIVE","labels":{"firebase":"enabled"},"etag":"1_e42c5cea-6269-4aaa-8b7a-1052cd41180e"}
[info] 
[info] === Deploying to 'match-bb30c'...
[info] 
[info] i  deploying hosting 
[debug] [2026-10-03T07:32:34.978Z] Checked if tokens are valid: true, expires at: 1791015383497
[debug] [2026-10-03T07:32:34.978Z] Checked if tokens are valid: true, expires at: 1791015383497
[debug] [2026-10-03T07:32:34.978Z] >>> [apiv2][query] GET https://firebasehosting.googleapis.com/v1beta1/projects/match-bb30c/sites/match-bb30c [none]
[debug] [2026-10-03T07:32:35.982Z] <<< [apiv2][status] GET https://firebasehosting.googleapis.com/v1beta1/projects/match-bb30c/sites/match-bb30c 200
[debug] [2026-10-03T07:32:35.983Z] <<< [apiv2][body] GET https://firebasehosting.googleapis.com/v1beta1/projects/match-bb30c/sites/match-bb30c {"name":"projects/match-bb30c/sites/match-bb30c","defaultUrl":"https://match-bb30c.web.app","type":"DEFAULT_SITE"}
[debug] [2026-10-03T07:32:35.984Z] Checked if tokens are valid: true, expires at: 1791015383497
[debug] [2026-10-03T07:32:35.985Z] Checked if tokens are valid: true, expires at: 1791015383497
[debug] [2026-10-03T07:32:35.985Z] >>> [apiv2][query] POST https://firebasehosting.googleapis.com/v1beta1/projects/-/sites/match-bb30c/versions [none]
[debug] [2026-10-03T07:32:35.985Z] >>> [apiv2][body] POST https://firebasehosting.googleapis.com/v1beta1/projects/-/sites/match-bb30c/versions {"status":"CREATED","labels":{"deployment-tool":"cli-firebase"}}
[debug] [2026-10-03T07:32:37.066Z] <<< [apiv2][status] POST https://firebasehosting.googleapis.com/v1beta1/projects/-/sites/match-bb30c/versions 200
[debug] [2026-10-03T07:32:37.066Z] <<< [apiv2][body] POST https://firebasehosting.googleapis.com/v1beta1/projects/-/sites/match-bb30c/versions {"name":"projects/781816318930/sites/match-bb30c/versions/93d2168e9bfd864c","status":"CREATED","config":{},"labels":{"deployment-tool":"cli-firebase"}}
[info] i  hosting[match-bb30c]: beginning deploy... 
[info] i  hosting[match-bb30c]: found 6 files in dist 
[debug] [2026-10-03T07:32:37.078Z] [hosting] uploading with 200 concurrency
[debug] [2026-10-03T07:32:37.156Z] Checked if tokens are valid: true, expires at: 1791015383497
[debug] [2026-10-03T07:32:37.156Z] Checked if tokens are valid: true, expires at: 1791015383497
[debug] [2026-10-03T07:32:37.157Z] [hosting] hash cache [ZGlzdA] stored for 6 files
[debug] [2026-10-03T07:32:37.157Z] [hosting][hash queue][FINAL] {"max":74,"min":4,"avg":16.666666666666668,"active":0,"complete":6,"success":6,"errored":0,"retried":0,"total":6,"elapsed":77}
[debug] [2026-10-03T07:32:37.158Z] >>> [apiv2][query] POST https://firebasehosting.googleapis.com/v1beta1/projects/781816318930/sites/match-bb30c/versions/93d2168e9bfd864c:populateFiles [none]
[debug] [2026-10-03T07:32:37.158Z] >>> [apiv2][body] POST https://firebasehosting.googleapis.com/v1beta1/projects/781816318930/sites/match-bb30c/versions/93d2168e9bfd864c:populateFiles {"files":{"/metadata.json":"59607d4abc28dbe25c04810f4160b1e785f320a28d51d4caf80c70367ec8b978","/index.html":"5ef5a289f10d25ce3bc68ce2f0500670e5cfde67a3bdea980440605c0af4c5c5","/favicon.ico":"3aa075641cdca4ab445cd3306616a835126e411730852ae3b366b2ec4a525acd","/assets/assets/i.6ed753e49a6a1cccbc78cf170742d336.png":"565ecedd47dfe0bd1e536b8df912ec80ecbc39404c106680275ba62a72bc2279","/assets/assets/logo.bad0fbd8f610b9d2b23c3995f03e2bdc.jpg":"91626ae9540becf24ca2c3cdcf3a66d18bdae30613dd5de1deec8cf93213d958","/_expo/static/js/web/index-202f5adecd19bb30b761772ad029ebbb.js":"2eb32102f563cf8ccc5000ea4fd28824f22bac1ffc078086ebe00a722e065ea5"}}
[debug] [2026-10-03T07:32:38.147Z] <<< [apiv2][status] POST https://firebasehosting.googleapis.com/v1beta1/projects/781816318930/sites/match-bb30c/versions/93d2168e9bfd864c:populateFiles 200
[debug] [2026-10-03T07:32:38.147Z] <<< [apiv2][body] POST https://firebasehosting.googleapis.com/v1beta1/projects/781816318930/sites/match-bb30c/versions/93d2168e9bfd864c:populateFiles {"uploadUrl":"https://upload-firebasehosting.googleapis.com/upload/sites/match-bb30c/versions/93d2168e9bfd864c/files"}
[debug] [2026-10-03T07:32:38.147Z] [hosting][populate queue][FINAL] {"max":991,"min":991,"avg":991,"active":0,"complete":1,"success":1,"errored":0,"retried":0,"total":1,"elapsed":991}
[debug] [2026-10-03T07:32:38.147Z] [hosting] uploads queued: 0
[debug] [2026-10-03T07:32:38.148Z] [hosting][upload queue][FINAL] {"max":0,"min":9999999999,"avg":0,"active":0,"complete":0,"success":0,"errored":0,"retried":0,"total":0,"elapsed":1791012758148}
[info] i  hosting: upload complete 
[info] +  hosting[match-bb30c]: file upload complete 
[debug] [2026-10-03T07:32:38.148Z] [hosting] deploy completed after 1080ms
[debug] [2026-10-03T07:32:38.148Z] [
  {
    "config": {
      "public": "dist",
      "ignore": [
        "firebase.json",
        "**/.*",
        "**/node_modules/**"
      ],
      "rewrites": [
        {
          "source": "/api/**",
          "function": {
            "functionId": "api",
            "region": "us-central1"
          }
        },
        {
          "source": "**",
          "destination": "/index.html"
        }
      ],
      "site": "match-bb30c"
    },
    "version": "projects/781816318930/sites/match-bb30c/versions/93d2168e9bfd864c"
  }
]
[info] i  hosting[match-bb30c]: finalizing version... 
[debug] [2026-10-03T07:32:38.149Z] Checked if tokens are valid: true, expires at: 1791015383497
[debug] [2026-10-03T07:32:38.150Z] Checked if tokens are valid: true, expires at: 1791015383497
[debug] [2026-10-03T07:32:38.150Z] >>> [apiv2][query] GET https://cloudfunctions.googleapis.com/v1/projects/match-bb30c/locations/-/functions [none]
[debug] [2026-10-03T07:32:39.039Z] <<< [apiv2][status] GET https://cloudfunctions.googleapis.com/v1/projects/match-bb30c/locations/-/functions 200
[debug] [2026-10-03T07:32:39.039Z] <<< [apiv2][body] GET https://cloudfunctions.googleapis.com/v1/projects/match-bb30c/locations/-/functions {}
[debug] [2026-10-03T07:32:39.040Z] Checked if tokens are valid: true, expires at: 1791015383497
[debug] [2026-10-03T07:32:39.040Z] Checked if tokens are valid: true, expires at: 1791015383497
[debug] [2026-10-03T07:32:39.040Z] >>> [apiv2][query] GET https://cloudfunctions.googleapis.com/v2/projects/match-bb30c/locations/-/functions filter=environment%3D%22GEN_2%22
[debug] [2026-10-03T07:32:40.793Z] <<< [apiv2][status] GET https://cloudfunctions.googleapis.com/v2/projects/match-bb30c/locations/-/functions 200
[debug] [2026-10-03T07:32:40.793Z] <<< [apiv2][body] GET https://cloudfunctions.googleapis.com/v2/projects/match-bb30c/locations/-/functions {}
[warn] !  hosting[match-bb30c]: Unable to find a valid endpoint for function `api`, but still including it in the config 
[debug] [2026-10-03T07:32:40.794Z] Checked if tokens are valid: true, expires at: 1791015383497
[debug] [2026-10-03T07:32:40.794Z] Checked if tokens are valid: true, expires at: 1791015383497
[debug] [2026-10-03T07:32:40.794Z] >>> [apiv2][query] PATCH https://firebasehosting.googleapis.com/v1beta1/projects/-/sites/match-bb30c/versions/93d2168e9bfd864c updateMask=status%2Cconfig
[debug] [2026-10-03T07:32:40.794Z] >>> [apiv2][body] PATCH https://firebasehosting.googleapis.com/v1beta1/projects/-/sites/match-bb30c/versions/93d2168e9bfd864c {"status":"FINALIZED","config":{"rewrites":[{"glob":"/api/**","function":"api","functionRegion":"us-central1"},{"glob":"**","path":"/index.html"}]}}
[debug] [2026-10-03T07:32:41.514Z] <<< [apiv2][status] PATCH https://firebasehosting.googleapis.com/v1beta1/projects/-/sites/match-bb30c/versions/93d2168e9bfd864c 200
[debug] [2026-10-03T07:32:41.514Z] <<< [apiv2][body] PATCH https://firebasehosting.googleapis.com/v1beta1/projects/-/sites/match-bb30c/versions/93d2168e9bfd864c {"name":"projects/781816318930/sites/match-bb30c/versions/93d2168e9bfd864c","status":"FINALIZED","config":{"rewrites":[{"functionRegion":"us-central1","glob":"/api/**","function":"api"},{"glob":"**","path":"/index.html"}]},"labels":{"deployment-tool":"cli-firebase"},"createTime":"2026-10-03T07:32:45.575433Z","createUser":{"email":"phongdanai5555@gmail.com"},"finalizeTime":"2026-10-03T07:32:50.486628Z","finalizeUser":{"email":"phongdanai5555@gmail.com"}}
[debug] [2026-10-03T07:32:41.514Z] [hosting] finalized version for match-bb30c:[object Object]
[info] +  hosting[match-bb30c]: version finalized 
[info] i  hosting[match-bb30c]: releasing new version... 
[debug] [2026-10-03T07:32:41.514Z] Checked if tokens are valid: true, expires at: 1791015383497
[debug] [2026-10-03T07:32:41.515Z] Checked if tokens are valid: true, expires at: 1791015383497
[debug] [2026-10-03T07:32:41.515Z] >>> [apiv2][query] POST https://firebasehosting.googleapis.com/v1beta1/projects/-/sites/match-bb30c/channels/live/releases versionName=projects%2F781816318930%2Fsites%2Fmatch-bb30c%2Fversions%2F93d2168e9bfd864c
[debug] [2026-10-03T07:32:41.515Z] >>> [apiv2][body] POST https://firebasehosting.googleapis.com/v1beta1/projects/-/sites/match-bb30c/channels/live/releases {}
[debug] [2026-10-03T07:32:42.292Z] <<< [apiv2][status] POST https://firebasehosting.googleapis.com/v1beta1/projects/-/sites/match-bb30c/channels/live/releases 200
[debug] [2026-10-05T14:15:45.942Z] ----------------------------------------------------------------------
[debug] [2026-10-05T14:15:45.947Z] Command:       C:\Program Files\nodejs\node.exe C:\Users\phong\AppData\Roaming\npm\node_modules\firebase-tools\lib\bin\firebase.js deploy --only hosting
[debug] [2026-10-05T14:15:45.947Z] CLI Version:   15.25.1
[debug] [2026-10-05T14:15:45.948Z] Platform:      win32
[debug] [2026-10-05T14:15:45.948Z] Node Version:  v22.20.0
[debug] [2026-10-05T14:15:45.949Z] Detected Agent: codex_cli
[debug] [2026-10-05T14:15:45.950Z] Time:          Mon Oct 05 2026 21:15:45 GMT+0700 (เวลาอินโดจีน)
[debug] [2026-10-05T14:15:45.951Z] ----------------------------------------------------------------------
[debug] 
[debug] [2026-10-05T14:15:45.967Z] >>> [apiv2][query] GET https://firebase-public.firebaseio.com/cli.json [none]
[debug] [2026-10-05T14:16:06.932Z] > command requires scopes: ["email","openid","https://www.googleapis.com/auth/cloudplatformprojects.readonly","https://www.googleapis.com/auth/firebase","https://www.googleapis.com/auth/cloud-platform"]
[debug] [2026-10-05T14:16:06.932Z] > authorizing via signed-in user (phongdanai5555@gmail.com)
[debug] [2026-10-05T14:16:06.932Z] [iam] checking project match-bb30c for permissions ["firebase.projects.get","firebasehosting.sites.update"]
[debug] [2026-10-05T14:16:06.934Z] Checked if tokens are valid: false, expires at: 1791015383497
[debug] [2026-10-05T14:16:06.934Z] Checked if tokens are valid: false, expires at: 1791015383497
[debug] [2026-10-05T14:16:06.934Z] > refreshing access token with scopes: []
[debug] [2026-10-05T14:16:06.935Z] >>> [apiv2][query] POST https://www.googleapis.com/oauth2/v3/token [none]
[debug] [2026-10-05T14:16:06.936Z] >>> [apiv2][body] POST https://www.googleapis.com/oauth2/v3/token [omitted]
[debug] [2026-10-05T14:16:07.115Z] <<< [apiv2][status] POST https://www.googleapis.com/oauth2/v3/token 200
[debug] [2026-10-05T14:16:07.115Z] <<< [apiv2][body] POST https://www.googleapis.com/oauth2/v3/token [omitted]
[debug] [2026-10-05T14:16:07.131Z] >>> [apiv2][query] POST https://cloudresourcemanager.googleapis.com/v1/projects/match-bb30c:testIamPermissions [none]
[debug] [2026-10-05T14:16:07.132Z] >>> [apiv2][(partial)header] POST https://cloudresourcemanager.googleapis.com/v1/projects/match-bb30c:testIamPermissions  x-goog-user-project=match-bb30c
[debug] [2026-10-05T14:16:07.132Z] >>> [apiv2][body] POST https://cloudresourcemanager.googleapis.com/v1/projects/match-bb30c:testIamPermissions {"permissions":["firebase.projects.get","firebasehosting.sites.update"]}
[debug] [2026-10-05T14:16:07.469Z] <<< [apiv2][status] GET https://firebase-public.firebaseio.com/cli.json 200
[debug] [2026-10-05T14:16:07.469Z] <<< [apiv2][body] GET https://firebase-public.firebaseio.com/cli.json {"cloudBuildErrorAfter":1594252800000,"cloudBuildWarnAfter":1590019200000,"defaultNode10After":1594252800000,"minVersion":"3.0.5","node8DeploysDisabledAfter":1613390400000,"node8RuntimeDisabledAfter":1615809600000,"node8WarnAfter":1600128000000}
[debug] [2026-10-05T14:16:08.393Z] <<< [apiv2][status] POST https://cloudresourcemanager.googleapis.com/v1/projects/match-bb30c:testIamPermissions 200
[debug] [2026-10-05T14:16:08.393Z] <<< [apiv2][body] POST https://cloudresourcemanager.googleapis.com/v1/projects/match-bb30c:testIamPermissions {"permissions":["firebase.projects.get","firebasehosting.sites.update"]}
[debug] [2026-10-05T14:16:08.394Z] Checked if tokens are valid: true, expires at: 1791213366115
[debug] [2026-10-05T14:16:08.394Z] Checked if tokens are valid: true, expires at: 1791213366115
[debug] [2026-10-05T14:16:08.394Z] >>> [apiv2][query] GET https://firebase.googleapis.com/v1beta1/projects/match-bb30c [none]
[debug] [2026-10-05T14:16:08.873Z] <<< [apiv2][status] GET https://firebase.googleapis.com/v1beta1/projects/match-bb30c 200
[debug] [2026-10-05T14:16:08.874Z] <<< [apiv2][body] GET https://firebase.googleapis.com/v1beta1/projects/match-bb30c {"projectId":"match-bb30c","projectNumber":"781816318930","displayName":"match","name":"projects/match-bb30c","resources":{"hostingSite":"match-bb30c"},"state":"ACTIVE","labels":{"firebase":"enabled"},"etag":"1_e42c5cea-6269-4aaa-8b7a-1052cd41180e"}
[info] 
[info] === Deploying to 'match-bb30c'...
[info] 
[info] i  deploying hosting 
[debug] [2026-10-05T14:16:08.877Z] Checked if tokens are valid: true, expires at: 1791213366115
[debug] [2026-10-05T14:16:08.877Z] Checked if tokens are valid: true, expires at: 1791213366115
[debug] [2026-10-05T14:16:08.877Z] >>> [apiv2][query] GET https://firebasehosting.googleapis.com/v1beta1/projects/match-bb30c/sites/match-bb30c [none]
[debug] [2026-10-05T14:16:09.901Z] <<< [apiv2][status] GET https://firebasehosting.googleapis.com/v1beta1/projects/match-bb30c/sites/match-bb30c 200
[debug] [2026-10-05T14:16:09.901Z] <<< [apiv2][body] GET https://firebasehosting.googleapis.com/v1beta1/projects/match-bb30c/sites/match-bb30c {"name":"projects/match-bb30c/sites/match-bb30c","defaultUrl":"https://match-bb30c.web.app","type":"DEFAULT_SITE"}
[debug] [2026-10-05T14:16:09.902Z] Checked if tokens are valid: true, expires at: 1791213366115
[debug] [2026-10-05T14:16:09.903Z] Checked if tokens are valid: true, expires at: 1791213366115
[debug] [2026-10-05T14:16:09.903Z] >>> [apiv2][query] POST https://firebasehosting.googleapis.com/v1beta1/projects/-/sites/match-bb30c/versions [none]
[debug] [2026-10-05T14:16:09.903Z] >>> [apiv2][body] POST https://firebasehosting.googleapis.com/v1beta1/projects/-/sites/match-bb30c/versions {"status":"CREATED","labels":{"deployment-tool":"cli-firebase"}}
[debug] [2026-10-05T14:16:09.191Z] ----------------------------------------------------------------------
[debug] [2026-10-05T14:16:09.194Z] Command:       C:\Program Files\nodejs\node.exe C:\Users\phong\AppData\Roaming\npm\node_modules\firebase-tools\lib\bin\firebase.js deploy --only hosting
[debug] [2026-10-05T14:16:09.195Z] CLI Version:   15.25.1
[debug] [2026-10-05T14:16:09.195Z] Platform:      win32
[debug] [2026-10-05T14:16:09.195Z] Node Version:  v22.20.0
[debug] [2026-10-05T14:16:09.195Z] Detected Agent: codex_cli
[debug] [2026-10-05T14:16:09.195Z] Time:          Mon Oct 05 2026 21:16:09 GMT+0700 (เวลาอินโดจีน)
[debug] [2026-10-05T14:16:09.196Z] ----------------------------------------------------------------------
[debug] 
[debug] [2026-10-05T14:16:10.473Z] > command requires scopes: ["email","openid","https://www.googleapis.com/auth/cloudplatformprojects.readonly","https://www.googleapis.com/auth/firebase","https://www.googleapis.com/auth/cloud-platform"]
[debug] [2026-10-05T14:16:10.473Z] > authorizing via signed-in user (phongdanai5555@gmail.com)
[debug] [2026-10-05T14:16:10.473Z] [iam] checking project match-bb30c for permissions ["firebase.projects.get","firebasehosting.sites.update"]
[debug] [2026-10-05T14:16:10.482Z] Checked if tokens are valid: true, expires at: 1791213366115
[debug] [2026-10-05T14:16:10.482Z] Checked if tokens are valid: true, expires at: 1791213366115
[debug] [2026-10-05T14:16:10.483Z] >>> [apiv2][query] POST https://cloudresourcemanager.googleapis.com/v1/projects/match-bb30c:testIamPermissions [none]
[debug] [2026-10-05T14:16:10.483Z] >>> [apiv2][(partial)header] POST https://cloudresourcemanager.googleapis.com/v1/projects/match-bb30c:testIamPermissions  x-goog-user-project=match-bb30c
[debug] [2026-10-05T14:16:10.483Z] >>> [apiv2][body] POST https://cloudresourcemanager.googleapis.com/v1/projects/match-bb30c:testIamPermissions {"permissions":["firebase.projects.get","firebasehosting.sites.update"]}
[debug] [2026-10-05T14:16:11.119Z] <<< [apiv2][status] POST https://firebasehosting.googleapis.com/v1beta1/projects/-/sites/match-bb30c/versions 200
[debug] [2026-10-05T14:16:11.119Z] <<< [apiv2][body] POST https://firebasehosting.googleapis.com/v1beta1/projects/-/sites/match-bb30c/versions {"name":"projects/781816318930/sites/match-bb30c/versions/0933620e99ef7b1c","status":"CREATED","config":{},"labels":{"deployment-tool":"cli-firebase"}}
[info] i  hosting[match-bb30c]: beginning deploy... 
[info] i  hosting[match-bb30c]: found 6 files in dist 
[debug] [2026-10-05T14:16:11.132Z] [hosting] uploading with 200 concurrency
[debug] [2026-10-05T14:16:11.209Z] Checked if tokens are valid: true, expires at: 1791213366115
[debug] [2026-10-05T14:16:11.209Z] Checked if tokens are valid: true, expires at: 1791213366115
[debug] [2026-10-05T14:16:11.211Z] [hosting] hash cache [ZGlzdA] stored for 6 files
[debug] [2026-10-05T14:16:11.211Z] [hosting][hash queue][FINAL] {"max":73,"min":3,"avg":15.5,"active":0,"complete":6,"success":6,"errored":0,"retried":0,"total":6,"elapsed":76}
[debug] [2026-10-05T14:16:11.211Z] >>> [apiv2][query] POST https://firebasehosting.googleapis.com/v1beta1/projects/781816318930/sites/match-bb30c/versions/0933620e99ef7b1c:populateFiles [none]
[debug] [2026-10-05T14:16:11.211Z] >>> [apiv2][body] POST https://firebasehosting.googleapis.com/v1beta1/projects/781816318930/sites/match-bb30c/versions/0933620e99ef7b1c:populateFiles {"files":{"/metadata.json":"59607d4abc28dbe25c04810f4160b1e785f320a28d51d4caf80c70367ec8b978","/index.html":"f0f3fa57f5c16e921a5d4ac07bc73689f57c7fa33c5ad1c43b51f6167d11cde7","/assets/assets/i.6ed753e49a6a1cccbc78cf170742d336.png":"565ecedd47dfe0bd1e536b8df912ec80ecbc39404c106680275ba62a72bc2279","/favicon.ico":"3aa075641cdca4ab445cd3306616a835126e411730852ae3b366b2ec4a525acd","/assets/assets/logo.bad0fbd8f610b9d2b23c3995f03e2bdc.jpg":"91626ae9540becf24ca2c3cdcf3a66d18bdae30613dd5de1deec8cf93213d958","/_expo/static/js/web/index-06c64159764c3bf8bfab917590a37683.js":"f97a029800b060a16762833d23794c287dec8eb6a63ee0f7e8365c46b702f1d0"}}
[debug] [2026-10-05T14:16:11.730Z] <<< [apiv2][status] POST https://cloudresourcemanager.googleapis.com/v1/projects/match-bb30c:testIamPermissions 200
[debug] [2026-10-05T14:16:11.730Z] <<< [apiv2][body] POST https://cloudresourcemanager.googleapis.com/v1/projects/match-bb30c:testIamPermissions {"permissions":["firebase.projects.get","firebasehosting.sites.update"]}
[debug] [2026-10-05T14:16:11.731Z] Checked if tokens are valid: true, expires at: 1791213366115
[debug] [2026-10-05T14:16:11.731Z] Checked if tokens are valid: true, expires at: 1791213366115
[debug] [2026-10-05T14:16:11.731Z] >>> [apiv2][query] GET https://firebase.googleapis.com/v1beta1/projects/match-bb30c [none]
[debug] [2026-10-05T14:16:12.099Z] <<< [apiv2][status] POST https://firebasehosting.googleapis.com/v1beta1/projects/781816318930/sites/match-bb30c/versions/0933620e99ef7b1c:populateFiles 200
[debug] [2026-10-05T14:16:12.099Z] <<< [apiv2][body] POST https://firebasehosting.googleapis.com/v1beta1/projects/781816318930/sites/match-bb30c/versions/0933620e99ef7b1c:populateFiles {"uploadRequiredHashes":["f0f3fa57f5c16e921a5d4ac07bc73689f57c7fa33c5ad1c43b51f6167d11cde7","f97a029800b060a16762833d23794c287dec8eb6a63ee0f7e8365c46b702f1d0"],"uploadUrl":"https://upload-firebasehosting.googleapis.com/upload/sites/match-bb30c/versions/0933620e99ef7b1c/files"}
[debug] [2026-10-05T14:16:12.100Z] Checked if tokens are valid: true, expires at: 1791213366115
[debug] [2026-10-05T14:16:12.100Z] Checked if tokens are valid: true, expires at: 1791213366115
[debug] [2026-10-05T14:16:12.100Z] Checked if tokens are valid: true, expires at: 1791213366115
[debug] [2026-10-05T14:16:12.101Z] Checked if tokens are valid: true, expires at: 1791213366115
[debug] [2026-10-05T14:16:12.101Z] >>> [apiv2][query] POST https://upload-firebasehosting.googleapis.com/upload/sites/match-bb30c/versions/0933620e99ef7b1c/files/f0f3fa57f5c16e921a5d4ac07bc73689f57c7fa33c5ad1c43b51f6167d11cde7 [none]
[debug] [2026-10-05T14:16:12.101Z] >>> [apiv2][body] POST https://upload-firebasehosting.googleapis.com/upload/sites/match-bb30c/versions/0933620e99ef7b1c/files/f0f3fa57f5c16e921a5d4ac07bc73689f57c7fa33c5ad1c43b51f6167d11cde7 [stream]
[debug] [2026-10-05T14:16:12.102Z] >>> [apiv2][query] POST https://upload-firebasehosting.googleapis.com/upload/sites/match-bb30c/versions/0933620e99ef7b1c/files/f97a029800b060a16762833d23794c287dec8eb6a63ee0f7e8365c46b702f1d0 [none]
[debug] [2026-10-05T14:16:12.102Z] >>> [apiv2][body] POST https://upload-firebasehosting.googleapis.com/upload/sites/match-bb30c/versions/0933620e99ef7b1c/files/f97a029800b060a16762833d23794c287dec8eb6a63ee0f7e8365c46b702f1d0 [stream]
[debug] [2026-10-05T14:16:12.105Z] [hosting][populate queue][FINAL] {"max":892,"min":892,"avg":892,"active":0,"complete":1,"success":1,"errored":0,"retried":0,"total":1,"elapsed":896}
[debug] [2026-10-05T14:16:12.105Z] [hosting] uploads queued: 2
[debug] [2026-10-05T14:16:12.422Z] <<< [apiv2][status] GET https://firebase.googleapis.com/v1beta1/projects/match-bb30c 200
[debug] [2026-10-05T14:16:12.422Z] <<< [apiv2][body] GET https://firebase.googleapis.com/v1beta1/projects/match-bb30c {"projectId":"match-bb30c","projectNumber":"781816318930","displayName":"match","name":"projects/match-bb30c","resources":{"hostingSite":"match-bb30c"},"state":"ACTIVE","labels":{"firebase":"enabled"},"etag":"1_e42c5cea-6269-4aaa-8b7a-1052cd41180e"}
[info] 
[info] === Deploying to 'match-bb30c'...
[info] 
[info] i  deploying hosting 
[debug] [2026-10-05T14:16:12.425Z] Checked if tokens are valid: true, expires at: 1791213366115
[debug] [2026-10-05T14:16:12.425Z] Checked if tokens are valid: true, expires at: 1791213366115
[debug] [2026-10-05T14:16:12.425Z] >>> [apiv2][query] GET https://firebasehosting.googleapis.com/v1beta1/projects/match-bb30c/sites/match-bb30c [none]
[info] i  hosting: uploading new files [0/2] (0%) 
[debug] [2026-10-05T14:16:13.390Z] <<< [apiv2][status] GET https://firebasehosting.googleapis.com/v1beta1/projects/match-bb30c/sites/match-bb30c 200
[debug] [2026-10-05T14:16:13.390Z] <<< [apiv2][body] GET https://firebasehosting.googleapis.com/v1beta1/projects/match-bb30c/sites/match-bb30c {"name":"projects/match-bb30c/sites/match-bb30c","defaultUrl":"https://match-bb30c.web.app","type":"DEFAULT_SITE"}
[debug] [2026-10-05T14:16:13.392Z] Checked if tokens are valid: true, expires at: 1791213366115
[debug] [2026-10-05T14:16:13.392Z] Checked if tokens are valid: true, expires at: 1791213366115
[debug] [2026-10-05T14:16:13.393Z] >>> [apiv2][query] POST https://firebasehosting.googleapis.com/v1beta1/projects/-/sites/match-bb30c/versions [none]
[debug] [2026-10-05T14:16:13.393Z] >>> [apiv2][body] POST https://firebasehosting.googleapis.com/v1beta1/projects/-/sites/match-bb30c/versions {"status":"CREATED","labels":{"deployment-tool":"cli-firebase"}}
[debug] [2026-10-05T14:16:13.588Z] <<< [apiv2][status] POST https://upload-firebasehosting.googleapis.com/upload/sites/match-bb30c/versions/0933620e99ef7b1c/files/f0f3fa57f5c16e921a5d4ac07bc73689f57c7fa33c5ad1c43b51f6167d11cde7 200
[debug] [2026-10-05T14:16:13.588Z] <<< [apiv2][body] POST https://upload-firebasehosting.googleapis.com/upload/sites/match-bb30c/versions/0933620e99ef7b1c/files/f0f3fa57f5c16e921a5d4ac07bc73689f57c7fa33c5ad1c43b51f6167d11cde7 [stream]
[debug] [2026-10-05T14:16:13.901Z] <<< [apiv2][status] POST https://upload-firebasehosting.googleapis.com/upload/sites/match-bb30c/versions/0933620e99ef7b1c/files/f97a029800b060a16762833d23794c287dec8eb6a63ee0f7e8365c46b702f1d0 200
[debug] [2026-10-05T14:16:13.901Z] <<< [apiv2][body] POST https://upload-firebasehosting.googleapis.com/upload/sites/match-bb30c/versions/0933620e99ef7b1c/files/f97a029800b060a16762833d23794c287dec8eb6a63ee0f7e8365c46b702f1d0 [stream]
[debug] [2026-10-05T14:16:13.902Z] [hosting][upload queue][FINAL] {"max":1802,"min":1489,"avg":1645.5,"active":0,"complete":2,"success":2,"errored":0,"retried":0,"total":2,"elapsed":1803}
[info] i  hosting: upload complete 
[info] +  hosting[match-bb30c]: file upload complete 
[debug] [2026-10-05T14:16:13.902Z] [hosting] deploy completed after 2781ms
[debug] [2026-10-05T14:16:13.902Z] [
  {
    "config": {
      "public": "dist",
      "ignore": [
        "firebase.json",
        "**/.*",
        "**/node_modules/**"
      ],
      "rewrites": [
        {
          "source": "/api/**",
          "function": {
            "functionId": "api",
            "region": "us-central1"
          }
        },
        {
          "source": "**",
          "destination": "/index.html"
        }
      ],
      "site": "match-bb30c"
    },
    "version": "projects/781816318930/sites/match-bb30c/versions/0933620e99ef7b1c"
  }
]
[info] i  hosting[match-bb30c]: finalizing version... 
[debug] [2026-10-05T14:16:13.904Z] Checked if tokens are valid: true, expires at: 1791213366115
[debug] [2026-10-05T14:16:13.904Z] Checked if tokens are valid: true, expires at: 1791213366115
[debug] [2026-10-05T14:16:13.904Z] >>> [apiv2][query] GET https://cloudfunctions.googleapis.com/v1/projects/match-bb30c/locations/-/functions [none]
[debug] [2026-10-05T14:16:14.492Z] <<< [apiv2][status] POST https://firebasehosting.googleapis.com/v1beta1/projects/-/sites/match-bb30c/versions 200
[debug] [2026-10-05T14:16:14.492Z] <<< [apiv2][body] POST https://firebasehosting.googleapis.com/v1beta1/projects/-/sites/match-bb30c/versions {"name":"projects/781816318930/sites/match-bb30c/versions/a6688be6d8614d98","status":"CREATED","config":{},"labels":{"deployment-tool":"cli-firebase"}}
[info] i  hosting[match-bb30c]: beginning deploy... 
[info] i  hosting[match-bb30c]: found 6 files in dist 
[debug] [2026-10-05T14:16:14.508Z] [hosting] uploading with 200 concurrency
[debug] [2026-10-05T14:16:14.511Z] Checked if tokens are valid: true, expires at: 1791213366115
[debug] [2026-10-05T14:16:14.511Z] Checked if tokens are valid: true, expires at: 1791213366115
[debug] [2026-10-05T14:16:14.512Z] [hosting] hash cache [ZGlzdA] stored for 6 files
[debug] [2026-10-05T14:16:14.512Z] [hosting][hash queue][FINAL] {"max":1,"min":0,"avg":0,"active":0,"complete":6,"success":6,"errored":0,"retried":0,"total":6,"elapsed":2}
[debug] [2026-10-05T14:16:14.513Z] >>> [apiv2][query] POST https://firebasehosting.googleapis.com/v1beta1/projects/781816318930/sites/match-bb30c/versions/a6688be6d8614d98:populateFiles [none]
[debug] [2026-10-05T14:16:14.513Z] >>> [apiv2][body] POST https://firebasehosting.googleapis.com/v1beta1/projects/781816318930/sites/match-bb30c/versions/a6688be6d8614d98:populateFiles {"files":{"/metadata.json":"59607d4abc28dbe25c04810f4160b1e785f320a28d51d4caf80c70367ec8b978","/index.html":"f0f3fa57f5c16e921a5d4ac07bc73689f57c7fa33c5ad1c43b51f6167d11cde7","/favicon.ico":"3aa075641cdca4ab445cd3306616a835126e411730852ae3b366b2ec4a525acd","/_expo/static/js/web/index-06c64159764c3bf8bfab917590a37683.js":"f97a029800b060a16762833d23794c287dec8eb6a63ee0f7e8365c46b702f1d0","/assets/assets/logo.bad0fbd8f610b9d2b23c3995f03e2bdc.jpg":"91626ae9540becf24ca2c3cdcf3a66d18bdae30613dd5de1deec8cf93213d958","/assets/assets/i.6ed753e49a6a1cccbc78cf170742d336.png":"565ecedd47dfe0bd1e536b8df912ec80ecbc39404c106680275ba62a72bc2279"}}
[debug] [2026-10-05T14:16:14.782Z] <<< [apiv2][status] GET https://cloudfunctions.googleapis.com/v1/projects/match-bb30c/locations/-/functions 200
[debug] [2026-10-05T14:16:14.782Z] <<< [apiv2][body] GET https://cloudfunctions.googleapis.com/v1/projects/match-bb30c/locations/-/functions {}
[debug] [2026-10-05T14:16:14.783Z] Checked if tokens are valid: true, expires at: 1791213366115
[debug] [2026-10-05T14:16:14.783Z] Checked if tokens are valid: true, expires at: 1791213366115
[debug] [2026-10-05T14:16:14.783Z] >>> [apiv2][query] GET https://cloudfunctions.googleapis.com/v2/projects/match-bb30c/locations/-/functions filter=environment%3D%22GEN_2%22
[debug] [2026-10-05T14:16:15.458Z] <<< [apiv2][status] POST https://firebasehosting.googleapis.com/v1beta1/projects/781816318930/sites/match-bb30c/versions/a6688be6d8614d98:populateFiles 200
[debug] [2026-10-05T14:16:15.459Z] <<< [apiv2][body] POST https://firebasehosting.googleapis.com/v1beta1/projects/781816318930/sites/match-bb30c/versions/a6688be6d8614d98:populateFiles {"uploadUrl":"https://upload-firebasehosting.googleapis.com/upload/sites/match-bb30c/versions/a6688be6d8614d98/files"}
[debug] [2026-10-05T14:16:15.459Z] [hosting][populate queue][FINAL] {"max":948,"min":948,"avg":948,"active":0,"complete":1,"success":1,"errored":0,"retried":0,"total":1,"elapsed":948}
[debug] [2026-10-05T14:16:15.459Z] [hosting] uploads queued: 0
[debug] [2026-10-05T14:16:15.459Z] [hosting][upload queue][FINAL] {"max":0,"min":9999999999,"avg":0,"active":0,"complete":0,"success":0,"errored":0,"retried":0,"total":0,"elapsed":1791209775459}
[info] i  hosting: upload complete 
[info] +  hosting[match-bb30c]: file upload complete 
[debug] [2026-10-05T14:16:15.460Z] [hosting] deploy completed after 965ms
[debug] [2026-10-05T14:16:15.460Z] [
  {
    "config": {
      "public": "dist",
      "ignore": [
        "firebase.json",
        "**/.*",
        "**/node_modules/**"
      ],
      "rewrites": [
        {
          "source": "/api/**",
          "function": {
            "functionId": "api",
            "region": "us-central1"
          }
        },
        {
          "source": "**",
          "destination": "/index.html"
        }
      ],
      "site": "match-bb30c"
    },
    "version": "projects/781816318930/sites/match-bb30c/versions/a6688be6d8614d98"
  }
]
[info] i  hosting[match-bb30c]: finalizing version... 
[debug] [2026-10-05T14:16:15.461Z] Checked if tokens are valid: true, expires at: 1791213366115
[debug] [2026-10-05T14:16:15.461Z] Checked if tokens are valid: true, expires at: 1791213366115
[debug] [2026-10-05T14:16:15.461Z] >>> [apiv2][query] GET https://cloudfunctions.googleapis.com/v1/projects/match-bb30c/locations/-/functions [none]
[debug] [2026-10-05T14:16:16.305Z] <<< [apiv2][status] GET https://cloudfunctions.googleapis.com/v1/projects/match-bb30c/locations/-/functions 200
[debug] [2026-10-05T14:16:16.305Z] <<< [apiv2][body] GET https://cloudfunctions.googleapis.com/v1/projects/match-bb30c/locations/-/functions {}
[debug] [2026-10-05T14:16:16.306Z] Checked if tokens are valid: true, expires at: 1791213366115
[debug] [2026-10-05T14:16:16.306Z] Checked if tokens are valid: true, expires at: 1791213366115
[debug] [2026-10-05T14:16:16.306Z] >>> [apiv2][query] GET https://cloudfunctions.googleapis.com/v2/projects/match-bb30c/locations/-/functions filter=environment%3D%22GEN_2%22
[debug] [2026-10-05T14:16:16.495Z] <<< [apiv2][status] GET https://cloudfunctions.googleapis.com/v2/projects/match-bb30c/locations/-/functions 200
[debug] [2026-10-05T14:16:16.495Z] <<< [apiv2][body] GET https://cloudfunctions.googleapis.com/v2/projects/match-bb30c/locations/-/functions {}
[warn] !  hosting[match-bb30c]: Unable to find a valid endpoint for function `api`, but still including it in the config 
[debug] [2026-10-05T14:16:16.496Z] Checked if tokens are valid: true, expires at: 1791213366115
[debug] [2026-10-05T14:16:16.497Z] Checked if tokens are valid: true, expires at: 1791213366115
[debug] [2026-10-05T14:16:16.497Z] >>> [apiv2][query] PATCH https://firebasehosting.googleapis.com/v1beta1/projects/-/sites/match-bb30c/versions/0933620e99ef7b1c updateMask=status%2Cconfig
[debug] [2026-10-05T14:16:16.497Z] >>> [apiv2][body] PATCH https://firebasehosting.googleapis.com/v1beta1/projects/-/sites/match-bb30c/versions/0933620e99ef7b1c {"status":"FINALIZED","config":{"rewrites":[{"glob":"/api/**","function":"api","functionRegion":"us-central1"},{"glob":"**","path":"/index.html"}]}}
[debug] [2026-10-05T14:16:17.573Z] <<< [apiv2][status] PATCH https://firebasehosting.googleapis.com/v1beta1/projects/-/sites/match-bb30c/versions/0933620e99ef7b1c 200
[debug] [2026-10-05T14:16:17.573Z] <<< [apiv2][body] PATCH https://firebasehosting.googleapis.com/v1beta1/projects/-/sites/match-bb30c/versions/0933620e99ef7b1c {"name":"projects/781816318930/sites/match-bb30c/versions/0933620e99ef7b1c","status":"FINALIZED","config":{"rewrites":[{"functionRegion":"us-central1","glob":"/api/**","function":"api"},{"glob":"**","path":"/index.html"}]},"labels":{"deployment-tool":"cli-firebase"},"createTime":"2026-10-05T14:16:10.700811Z","createUser":{"email":"phongdanai5555@gmail.com"},"finalizeTime":"2026-10-05T14:16:17.808981Z","finalizeUser":{"email":"phongdanai5555@gmail.com"}}
[debug] [2026-10-05T14:16:17.573Z] [hosting] finalized version for match-bb30c:[object Object]
[info] +  hosting[match-bb30c]: version finalized 
[info] i  hosting[match-bb30c]: releasing new version... 
[debug] [2026-10-05T14:16:17.573Z] Checked if tokens are valid: true, expires at: 1791213366115
[debug] [2026-10-05T14:16:17.573Z] Checked if tokens are valid: true, expires at: 1791213366115
[debug] [2026-10-05T14:16:17.573Z] >>> [apiv2][query] POST https://firebasehosting.googleapis.com/v1beta1/projects/-/sites/match-bb30c/channels/live/releases versionName=projects%2F781816318930%2Fsites%2Fmatch-bb30c%2Fversions%2F0933620e99ef7b1c
[debug] [2026-10-05T14:16:17.573Z] >>> [apiv2][body] POST https://firebasehosting.googleapis.com/v1beta1/projects/-/sites/match-bb30c/channels/live/releases {}
[debug] [2026-10-05T14:16:18.092Z] <<< [apiv2][status] GET https://cloudfunctions.googleapis.com/v2/projects/match-bb30c/locations/-/functions 200
[debug] [2026-10-05T14:16:18.093Z] <<< [apiv2][body] GET https://cloudfunctions.googleapis.com/v2/projects/match-bb30c/locations/-/functions {}
[warn] !  hosting[match-bb30c]: Unable to find a valid endpoint for function `api`, but still including it in the config 
[debug] [2026-10-05T14:16:18.094Z] Checked if tokens are valid: true, expires at: 1791213366115
[debug] [2026-10-05T14:16:18.094Z] Checked if tokens are valid: true, expires at: 1791213366115
[debug] [2026-10-05T14:16:18.094Z] >>> [apiv2][query] PATCH https://firebasehosting.googleapis.com/v1beta1/projects/-/sites/match-bb30c/versions/a6688be6d8614d98 updateMask=status%2Cconfig
[debug] [2026-10-05T14:16:18.095Z] >>> [apiv2][body] PATCH https://firebasehosting.googleapis.com/v1beta1/projects/-/sites/match-bb30c/versions/a6688be6d8614d98 {"status":"FINALIZED","config":{"rewrites":[{"glob":"/api/**","function":"api","functionRegion":"us-central1"},{"glob":"**","path":"/index.html"}]}}
[debug] [2026-10-05T14:16:18.330Z] <<< [apiv2][status] POST https://firebasehosting.googleapis.com/v1beta1/projects/-/sites/match-bb30c/channels/live/releases 200
[debug] [2026-10-05T14:16:18.838Z] <<< [apiv2][status] PATCH https://firebasehosting.googleapis.com/v1beta1/projects/-/sites/match-bb30c/versions/a6688be6d8614d98 200
[debug] [2026-10-05T14:16:18.838Z] <<< [apiv2][body] PATCH https://firebasehosting.googleapis.com/v1beta1/projects/-/sites/match-bb30c/versions/a6688be6d8614d98 {"name":"projects/781816318930/sites/match-bb30c/versions/a6688be6d8614d98","status":"FINALIZED","config":{"rewrites":[{"functionRegion":"us-central1","glob":"/api/**","function":"api"},{"glob":"**","path":"/index.html"}]},"labels":{"deployment-tool":"cli-firebase"},"createTime":"2026-10-05T14:16:14.192286Z","createUser":{"email":"phongdanai5555@gmail.com"},"finalizeTime":"2026-10-05T14:16:19.041176Z","finalizeUser":{"email":"phongdanai5555@gmail.com"}}
[debug] [2026-10-05T14:16:18.838Z] [hosting] finalized version for match-bb30c:[object Object]
[info] +  hosting[match-bb30c]: version finalized 
[info] i  hosting[match-bb30c]: releasing new version... 
[debug] [2026-10-05T14:16:18.838Z] Checked if tokens are valid: true, expires at: 1791213366115
[debug] [2026-10-05T14:16:18.838Z] Checked if tokens are valid: true, expires at: 1791213366115
[debug] [2026-10-05T14:16:18.839Z] >>> [apiv2][query] POST https://firebasehosting.googleapis.com/v1beta1/projects/-/sites/match-bb30c/channels/live/releases versionName=projects%2F781816318930%2Fsites%2Fmatch-bb30c%2Fversions%2Fa6688be6d8614d98
[debug] [2026-10-05T14:16:18.839Z] >>> [apiv2][body] POST https://firebasehosting.googleapis.com/v1beta1/projects/-/sites/match-bb30c/channels/live/releases {}
[debug] [2026-10-05T14:16:19.669Z] <<< [apiv2][status] POST https://firebasehosting.googleapis.com/v1beta1/projects/-/sites/match-bb30c/channels/live/releases 200
